index	name	red	green	blue	alpha	tissue_type
1	LEFT-CEREBRAL-EXTERIOR	70.0	130.0	180.0	255.0	NONE
2	LEFT-CEREBRAL-WHITE-MATTER	245.0	245.0	245.0	255.0	WM
3	LEFT-CEREBRAL-CORTEX	205.0	62.0	78.0	255.0	GM
4	LEFT-LATERAL-VENTRICLE	120.0	18.0	134.0	255.0	CSF
5	LEFT-INF-LAT-VENT	196.0	58.0	250.0	255.0	CSF
6	LEFT-CEREBELLUM-EXTERIOR	0.0	148.0	0.0	255.0	NONE
7	LEFT-CEREBELLUM-WHITE-MATTER	220.0	248.0	164.0	255.0	WM
8	LEFT-CEREBELLUM-CORTEX	230.0	148.0	34.0	255.0	GM
9	LEFT-THALAMUS	0.0	118.0	14.0	255.0	GM
10	LEFT-THALAMUS-PROPER	0.0	118.0	14.0	255.0	GM
11	LEFT-CAUDATE	122.0	186.0	220.0	255.0	GM
12	LEFT-PUTAMEN	236.0	13.0	176.0	255.0	GM
13	LEFT-PALLIDUM	12.0	48.0	255.0	255.0	GM
14	3RD-VENTRICLE	204.0	182.0	142.0	255.0	CSF
15	4TH-VENTRICLE	42.0	204.0	164.0	255.0	CSF
16	BRAIN-STEM	119.0	159.0	176.0	255.0	GM
17	LEFT-HIPPOCAMPUS	220.0	216.0	20.0	255.0	GM
18	LEFT-AMYGDALA	103.0	255.0	255.0	255.0	GM
19	LEFT-INSULA	80.0	196.0	98.0	255.0	GM
20	LEFT-OPERCULUM	60.0	58.0	210.0	255.0	NONE
21	LINE-1	60.0	58.0	210.0	255.0	NONE
22	LINE-2	60.0	58.0	210.0	255.0	NONE
23	LINE-3	60.0	58.0	210.0	255.0	NONE
24	CSF	60.0	60.0	60.0	255.0	CSF
25	LEFT-LESION	255.0	165.0	0.0	255.0	NONE
26	LEFT-ACCUMBENS-AREA	255.0	165.0	0.0	255.0	GM
27	LEFT-SUBSTANCIA-NIGRA	0.0	255.0	127.0	255.0	GM
28	LEFT-VENTRALDC	165.0	42.0	42.0	255.0	NONE
29	LEFT-UNDETERMINED	135.0	206.0	235.0	255.0	NONE
30	LEFT-VESSEL	160.0	32.0	240.0	255.0	NONE
31	LEFT-CHOROID-PLEXUS	0.0	200.0	200.0	255.0	CSF
32	LEFT-F3ORB	100.0	50.0	100.0	255.0	NONE
33	LEFT-LOG	135.0	50.0	74.0	255.0	NONE
34	LEFT-AOG	122.0	135.0	50.0	255.0	NONE
35	LEFT-MOG	51.0	50.0	135.0	255.0	NONE
36	LEFT-POG	74.0	155.0	60.0	255.0	NONE
37	LEFT-STELLATE	120.0	62.0	43.0	255.0	NONE
38	LEFT-PORG	74.0	155.0	60.0	255.0	NONE
39	LEFT-AORG	122.0	135.0	50.0	255.0	NONE
40	RIGHT-CEREBRAL-EXTERIOR	70.0	130.0	180.0	255.0	NONE
41	RIGHT-CEREBRAL-WHITE-MATTER	0.0	225.0	0.0	255.0	WM
42	RIGHT-CEREBRAL-CORTEX	205.0	62.0	78.0	255.0	GM
43	RIGHT-LATERAL-VENTRICLE	120.0	18.0	134.0	255.0	CSF
44	RIGHT-INF-LAT-VENT	196.0	58.0	250.0	255.0	CSF
45	RIGHT-CEREBELLUM-EXTERIOR	0.0	148.0	0.0	255.0	NONE
46	RIGHT-CEREBELLUM-WHITE-MATTER	220.0	248.0	164.0	255.0	WM
47	RIGHT-CEREBELLUM-CORTEX	230.0	148.0	34.0	255.0	GM
48	RIGHT-THALAMUS	0.0	118.0	14.0	255.0	GM
49	RIGHT-THALAMUS-PROPER	0.0	118.0	14.0	255.0	GM
50	RIGHT-CAUDATE	122.0	186.0	220.0	255.0	GM
51	RIGHT-PUTAMEN	236.0	13.0	176.0	255.0	GM
52	RIGHT-PALLIDUM	13.0	48.0	255.0	255.0	GM
53	RIGHT-HIPPOCAMPUS	220.0	216.0	20.0	255.0	GM
54	RIGHT-AMYGDALA	103.0	255.0	255.0	255.0	GM
55	RIGHT-INSULA	80.0	196.0	98.0	255.0	GM
56	RIGHT-OPERCULUM	60.0	58.0	210.0	255.0	NONE
57	RIGHT-LESION	255.0	165.0	0.0	255.0	NONE
58	RIGHT-ACCUMBENS-AREA	255.0	165.0	0.0	255.0	GM
59	RIGHT-SUBSTANCIA-NIGRA	0.0	255.0	127.0	255.0	GM
60	RIGHT-VENTRALDC	165.0	42.0	42.0	255.0	NONE
61	RIGHT-UNDETERMINED	135.0	206.0	235.0	255.0	NONE
62	RIGHT-VESSEL	160.0	32.0	240.0	255.0	NONE
63	RIGHT-CHOROID-PLEXUS	0.0	200.0	221.0	255.0	CSF
64	RIGHT-F3ORB	100.0	50.0	100.0	255.0	NONE
65	RIGHT-LOG	135.0	50.0	74.0	255.0	NONE
66	RIGHT-AOG	122.0	135.0	50.0	255.0	NONE
67	RIGHT-MOG	51.0	50.0	135.0	255.0	NONE
68	RIGHT-POG	74.0	155.0	60.0	255.0	NONE
69	RIGHT-STELLATE	120.0	62.0	43.0	255.0	NONE
70	RIGHT-PORG	74.0	155.0	60.0	255.0	NONE
71	RIGHT-AORG	122.0	135.0	50.0	255.0	NONE
72	5TH-VENTRICLE	120.0	190.0	150.0	255.0	CSF
73	LEFT-INTERIOR	122.0	135.0	50.0	255.0	NONE
74	RIGHT-INTERIOR	122.0	135.0	50.0	255.0	NONE
77	WM-HYPOINTENSITIES	200.0	70.0	255.0	255.0	NONE
78	LEFT-WM-HYPOINTENSITIES	255.0	148.0	10.0	255.0	NONE
79	RIGHT-WM-HYPOINTENSITIES	255.0	148.0	10.0	255.0	NONE
80	NON-WM-HYPOINTENSITIES	164.0	108.0	226.0	255.0	NONE
81	LEFT-NON-WM-HYPOINTENSITIES	164.0	108.0	226.0	255.0	NONE
82	RIGHT-NON-WM-HYPOINTENSITIES	164.0	108.0	226.0	255.0	NONE
83	LEFT-F1	255.0	218.0	185.0	255.0	NONE
84	RIGHT-F1	255.0	218.0	185.0	255.0	NONE
85	OPTIC-CHIASM	234.0	169.0	30.0	255.0	NONE
192	CORPUS_CALLOSUM	250.0	255.0	50.0	255.0	WM
86	LEFT_FUTURE_WMSA	200.0	120.0	255.0	255.0	NONE
87	RIGHT_FUTURE_WMSA	200.0	121.0	255.0	255.0	NONE
88	FUTURE_WMSA	200.0	122.0	255.0	255.0	NONE
96	LEFT-AMYGDALA-ANTERIOR	205.0	10.0	125.0	255.0	GM
97	RIGHT-AMYGDALA-ANTERIOR	205.0	10.0	125.0	255.0	GM
98	DURA	160.0	32.0	240.0	255.0	NONE
100	LEFT-WM-INTENSITY-ABNORMALITY	124.0	140.0	178.0	255.0	NONE
101	LEFT-CAUDATE-INTENSITY-ABNORMALITY	125.0	140.0	178.0	255.0	NONE
102	LEFT-PUTAMEN-INTENSITY-ABNORMALITY	126.0	140.0	178.0	255.0	NONE
103	LEFT-ACCUMBENS-INTENSITY-ABNORMALITY	127.0	140.0	178.0	255.0	NONE
104	LEFT-PALLIDUM-INTENSITY-ABNORMALITY	124.0	141.0	178.0	255.0	NONE
105	LEFT-AMYGDALA-INTENSITY-ABNORMALITY	124.0	142.0	178.0	255.0	NONE
106	LEFT-HIPPOCAMPUS-INTENSITY-ABNORMALITY	124.0	143.0	178.0	255.0	NONE
107	LEFT-THALAMUS-INTENSITY-ABNORMALITY	124.0	144.0	178.0	255.0	NONE
108	LEFT-VDC-INTENSITY-ABNORMALITY	124.0	140.0	179.0	255.0	NONE
109	RIGHT-WM-INTENSITY-ABNORMALITY	124.0	140.0	178.0	255.0	NONE
110	RIGHT-CAUDATE-INTENSITY-ABNORMALITY	125.0	140.0	178.0	255.0	NONE
111	RIGHT-PUTAMEN-INTENSITY-ABNORMALITY	126.0	140.0	178.0	255.0	NONE
112	RIGHT-ACCUMBENS-INTENSITY-ABNORMALITY	127.0	140.0	178.0	255.0	NONE
113	RIGHT-PALLIDUM-INTENSITY-ABNORMALITY	124.0	141.0	178.0	255.0	NONE
114	RIGHT-AMYGDALA-INTENSITY-ABNORMALITY	124.0	142.0	178.0	255.0	NONE
115	RIGHT-HIPPOCAMPUS-INTENSITY-ABNORMALITY	124.0	143.0	178.0	255.0	NONE
116	RIGHT-THALAMUS-INTENSITY-ABNORMALITY	124.0	144.0	178.0	255.0	NONE
117	RIGHT-VDC-INTENSITY-ABNORMALITY	124.0	140.0	179.0	255.0	NONE
118	EPIDERMIS	255.0	20.0	147.0	255.0	NONE
119	CONN-TISSUE	205.0	179.0	139.0	255.0	NONE
120	SC-FAT-MUSCLE	238.0	238.0	209.0	255.0	NONE
121	CRANIUM	200.0	200.0	200.0	255.0	NONE
122	CSF-SA	74.0	255.0	74.0	255.0	CSF
123	MUSCLE	238.0	0.0	0.0	255.0	NONE
124	EAR	0.0	0.0	139.0	255.0	NONE
125	ADIPOSE	173.0	255.0	47.0	255.0	NONE
126	SPINAL-CORD	133.0	203.0	229.0	255.0	NONE
127	SOFT-TISSUE	26.0	237.0	57.0	255.0	NONE
128	NERVE	34.0	139.0	34.0	255.0	NONE
129	BONE	30.0	144.0	255.0	255.0	NONE
130	AIR	147.0	19.0	173.0	255.0	NONE
131	ORBITAL-FAT	238.0	59.0	59.0	255.0	NONE
132	TONGUE	221.0	39.0	200.0	255.0	NONE
133	NASAL-STRUCTURES	238.0	174.0	238.0	255.0	NONE
134	GLOBE	255.0	0.0	0.0	255.0	NONE
135	TEETH	72.0	61.0	139.0	255.0	NONE
136	LEFT-CAUDATE-PUTAMEN	21.0	39.0	132.0	255.0	GM
137	RIGHT-CAUDATE-PUTAMEN	21.0	39.0	132.0	255.0	GM
138	LEFT-CLAUSTRUM	65.0	135.0	20.0	255.0	GM
139	RIGHT-CLAUSTRUM	65.0	135.0	20.0	255.0	GM
140	CORNEA	134.0	4.0	160.0	255.0	NONE
142	DIPLOE	221.0	226.0	68.0	255.0	NONE
143	VITREOUS-HUMOR	255.0	255.0	254.0	255.0	NONE
144	LENS	52.0	209.0	226.0	255.0	NONE
145	AQUEOUS-HUMOR	239.0	160.0	223.0	255.0	NONE
146	OUTER-TABLE	70.0	130.0	180.0	255.0	NONE
147	INNER-TABLE	70.0	130.0	181.0	255.0	NONE
148	PERIOSTEUM	139.0	121.0	94.0	255.0	NONE
149	ENDOSTEUM	224.0	224.0	224.0	255.0	NONE
150	R-C-S	255.0	0.0	0.0	255.0	NONE
151	IRIS	205.0	205.0	0.0	255.0	NONE
152	SC-ADIPOSE-MUSCLE	238.0	238.0	209.0	255.0	NONE
153	SC-TISSUE	139.0	121.0	94.0	255.0	NONE
154	ORBITAL-ADIPOSE	238.0	59.0	59.0	255.0	NONE
155	LEFT-INTCAPSULE-ANT	238.0	59.0	59.0	255.0	WM
156	RIGHT-INTCAPSULE-ANT	238.0	59.0	59.0	255.0	WM
157	LEFT-INTCAPSULE-POS	62.0	10.0	205.0	255.0	WM
158	RIGHT-INTCAPSULE-POS	62.0	10.0	205.0	255.0	WM
159	LEFT-CEREBRAL-WM-UNMYELINATED	0.0	118.0	14.0	255.0	WM
160	RIGHT-CEREBRAL-WM-UNMYELINATED	0.0	118.0	14.0	255.0	WM
161	LEFT-CEREBRAL-WM-MYELINATED	220.0	216.0	21.0	255.0	WM
162	RIGHT-CEREBRAL-WM-MYELINATED	220.0	216.0	21.0	255.0	WM
163	LEFT-SUBCORTICAL-GRAY-MATTER	122.0	186.0	220.0	255.0	GM
164	RIGHT-SUBCORTICAL-GRAY-MATTER	122.0	186.0	220.0	255.0	GM
165	SKULL	255.0	165.0	0.0	255.0	NONE
166	POSTERIOR-FOSSA	14.0	48.0	255.0	255.0	NONE
167	SCALP	166.0	42.0	42.0	255.0	NONE
168	HEMATOMA	121.0	18.0	134.0	255.0	NONE
169	LEFT-BASAL-GANGLIA	236.0	13.0	127.0	255.0	GM
176	RIGHT-BASAL-GANGLIA	236.0	13.0	126.0	255.0	GM
170	BRAINSTEM	119.0	159.0	176.0	255.0	GM
171	DCG	119.0	0.0	176.0	255.0	NONE
172	VERMIS	119.0	100.0	176.0	255.0	GM
173	MIDBRAIN	119.0	200.0	176.0	255.0	GM
174	PONS	119.0	159.0	100.0	255.0	GM
175	MEDULLA	119.0	159.0	200.0	255.0	GM
180	LEFT-CORTICAL-DYSPLASIA	73.0	61.0	139.0	255.0	NONE
181	RIGHT-CORTICAL-DYSPLASIA	73.0	62.0	139.0	255.0	NONE
193	LEFT-HIPPOCAMPAL_FISSURE	0.0	196.0	255.0	255.0	NONE
194	LEFT-CADG-HEAD	255.0	164.0	164.0	255.0	NONE
195	LEFT-SUBICULUM	196.0	196.0	0.0	255.0	NONE
196	LEFT-FIMBRIA	0.0	100.0	255.0	255.0	NONE
197	RIGHT-HIPPOCAMPAL_FISSURE	128.0	196.0	164.0	255.0	NONE
198	RIGHT-CADG-HEAD	0.0	126.0	75.0	255.0	NONE
199	RIGHT-SUBICULUM	128.0	96.0	64.0	255.0	NONE
200	RIGHT-FIMBRIA	0.0	50.0	128.0	255.0	NONE
201	ALVEUS	255.0	204.0	153.0	255.0	NONE
202	PERFORANT_PATHWAY	255.0	128.0	128.0	255.0	NONE
203	PARASUBICULUM	255.0	255.0	0.0	255.0	NONE
204	PRESUBICULUM	64.0	0.0	64.0	255.0	NONE
205	SUBICULUM	0.0	0.0	255.0	255.0	NONE
206	CA1	255.0	0.0	0.0	255.0	NONE
207	CA2	128.0	128.0	255.0	255.0	NONE
208	CA3	0.0	128.0	0.0	255.0	NONE
209	CA4	196.0	160.0	128.0	255.0	NONE
210	GC-ML-DG	32.0	200.0	255.0	255.0	NONE
211	HATA	128.0	255.0	128.0	255.0	NONE
212	FIMBRIA	204.0	153.0	204.0	255.0	NONE
213	LATERAL_VENTRICLE	121.0	17.0	136.0	255.0	CSF
214	MOLECULAR_LAYER_HP	128.0	0.0	0.0	255.0	NONE
215	HIPPOCAMPAL_FISSURE	128.0	32.0	255.0	255.0	NONE
216	ENTORHINAL_CORTEX	255.0	204.0	102.0	255.0	NONE
217	MOLECULAR_LAYER_SUBICULUM	128.0	128.0	128.0	255.0	NONE
218	AMYGDALA	104.0	255.0	255.0	255.0	GM
219	CEREBRAL_WHITE_MATTER	0.0	226.0	0.0	255.0	NONE
220	CEREBRAL_CORTEX	205.0	63.0	78.0	255.0	NONE
221	INF_LAT_VENT	197.0	58.0	250.0	255.0	CSF
222	PERIRHINAL	33.0	150.0	250.0	255.0	NONE
223	CEREBRAL_WHITE_MATTER_EDGE	226.0	0.0	0.0	255.0	NONE
224	BACKGROUND	100.0	100.0	100.0	255.0	NONE
225	ECTORHINAL	197.0	150.0	250.0	255.0	NONE
226	HP_TAIL	170.0	170.0	255.0	255.0	NONE
250	FORNIX	255.0	0.0	0.0	255.0	NONE
251	CC_POSTERIOR	0.0	0.0	64.0	255.0	WM
252	CC_MID_POSTERIOR	0.0	0.0	112.0	255.0	WM
253	CC_CENTRAL	0.0	0.0	160.0	255.0	WM
254	CC_MID_ANTERIOR	0.0	0.0	208.0	255.0	WM
255	CC_ANTERIOR	0.0	0.0	255.0	255.0	WM
256	VOXEL-UNCHANGED	0.0	0.0	0.0	255.0	NONE
331	AORTA	255.0	0.0	0.0	255.0	NONE
332	LEFT-COMMON-ILIACA	255.0	80.0	0.0	255.0	NONE
333	RIGHT-COMMON-ILIACA	255.0	160.0	0.0	255.0	NONE
334	LEFT-EXTERNAL-ILIACA	255.0	255.0	0.0	255.0	NONE
335	RIGHT-EXTERNAL-ILIACA	0.0	255.0	0.0	255.0	NONE
336	LEFT-INTERNAL-ILIACA	255.0	0.0	160.0	255.0	NONE
337	RIGHT-INTERNAL-ILIACA	255.0	0.0	255.0	255.0	NONE
338	LEFT-LATERAL-SACRALA	255.0	50.0	80.0	255.0	NONE
339	RIGHT-LATERAL-SACRALA	80.0	255.0	50.0	255.0	NONE
340	LEFT-OBTURATORA	160.0	255.0	50.0	255.0	NONE
341	RIGHT-OBTURATORA	160.0	200.0	255.0	255.0	NONE
342	LEFT-INTERNAL-PUDENDALA	0.0	255.0	160.0	255.0	NONE
343	RIGHT-INTERNAL-PUDENDALA	0.0	0.0	255.0	255.0	NONE
344	LEFT-UMBILICALA	80.0	50.0	255.0	255.0	NONE
345	RIGHT-UMBILICALA	160.0	0.0	255.0	255.0	NONE
346	LEFT-INF-RECTALA	255.0	210.0	0.0	255.0	NONE
347	RIGHT-INF-RECTALA	0.0	160.0	255.0	255.0	NONE
348	LEFT-COMMON-ILIACV	255.0	200.0	80.0	255.0	NONE
349	RIGHT-COMMON-ILIACV	255.0	200.0	160.0	255.0	NONE
350	LEFT-EXTERNAL-ILIACV	255.0	80.0	200.0	255.0	NONE
351	RIGHT-EXTERNAL-ILIACV	255.0	160.0	200.0	255.0	NONE
352	LEFT-INTERNAL-ILIACV	30.0	255.0	80.0	255.0	NONE
353	RIGHT-INTERNAL-ILIACV	80.0	200.0	255.0	255.0	NONE
354	LEFT-OBTURATORV	80.0	255.0	200.0	255.0	NONE
355	RIGHT-OBTURATORV	195.0	255.0	200.0	255.0	NONE
356	LEFT-INTERNAL-PUDENDALV	120.0	200.0	20.0	255.0	NONE
357	RIGHT-INTERNAL-PUDENDALV	170.0	10.0	200.0	255.0	NONE
358	POS-LYMPH	20.0	130.0	180.0	255.0	NONE
359	NEG-LYMPH	20.0	180.0	130.0	255.0	NONE
400	V1	206.0	62.0	78.0	255.0	NONE
401	V2	121.0	18.0	134.0	255.0	NONE
402	BA44	199.0	58.0	250.0	255.0	NONE
403	BA45	1.0	148.0	0.0	255.0	NONE
404	BA4A	221.0	248.0	164.0	255.0	NONE
405	BA4P	231.0	148.0	34.0	255.0	NONE
406	BA6	1.0	118.0	14.0	255.0	NONE
407	BA2	120.0	118.0	14.0	255.0	NONE
408	BA1_OLD	123.0	186.0	221.0	255.0	NONE
409	BAUN2	238.0	13.0	177.0	255.0	NONE
410	BA1	123.0	186.0	220.0	255.0	NONE
411	BA2B	138.0	13.0	206.0	255.0	NONE
412	BA3A	238.0	130.0	176.0	255.0	NONE
413	BA3B	218.0	230.0	76.0	255.0	NONE
414	MT	38.0	213.0	176.0	255.0	NONE
415	AIPS_AIP_L	1.0	225.0	176.0	255.0	NONE
416	AIPS_AIP_R	1.0	225.0	176.0	255.0	NONE
417	AIPS_VIP_L	200.0	2.0	100.0	255.0	NONE
418	AIPS_VIP_R	200.0	2.0	100.0	255.0	NONE
419	IPL_PFCM_L	5.0	200.0	90.0	255.0	NONE
420	IPL_PFCM_R	5.0	200.0	90.0	255.0	NONE
421	IPL_PF_L	100.0	5.0	200.0	255.0	NONE
422	IPL_PFM_L	25.0	255.0	100.0	255.0	NONE
423	IPL_PFM_R	25.0	255.0	100.0	255.0	NONE
424	IPL_PFOP_L	230.0	7.0	100.0	255.0	NONE
425	IPL_PFOP_R	230.0	7.0	100.0	255.0	NONE
426	IPL_PF_R	100.0	5.0	200.0	255.0	NONE
427	IPL_PFT_L	150.0	10.0	200.0	255.0	NONE
428	IPL_PFT_R	150.0	10.0	200.0	255.0	NONE
429	IPL_PGA_L	175.0	10.0	176.0	255.0	NONE
430	IPL_PGA_R	175.0	10.0	176.0	255.0	NONE
431	IPL_PGP_L	10.0	100.0	255.0	255.0	NONE
432	IPL_PGP_R	10.0	100.0	255.0	255.0	NONE
433	VISUAL_V3D_L	150.0	45.0	70.0	255.0	NONE
434	VISUAL_V3D_R	150.0	45.0	70.0	255.0	NONE
435	VISUAL_V4_L	45.0	200.0	15.0	255.0	NONE
436	VISUAL_V4_R	45.0	200.0	15.0	255.0	NONE
437	VISUAL_V5_B	227.0	45.0	100.0	255.0	NONE
438	VISUAL_VP_L	227.0	45.0	100.0	255.0	NONE
439	VISUAL_VP_R	227.0	45.0	100.0	255.0	NONE
498	WMSA	143.0	188.0	143.0	255.0	NONE
499	OTHER_WMSA	255.0	248.0	220.0	255.0	NONE
500	RIGHT_CA2_3	17.0	85.0	136.0	255.0	NONE
501	RIGHT_ALVEUS	119.0	187.0	102.0	255.0	NONE
502	RIGHT_CA1	204.0	68.0	34.0	255.0	NONE
503	RIGHT_FIMBRIA	204.0	0.0	255.0	255.0	NONE
504	RIGHT_PRESUBICULUM	221.0	187.0	17.0	255.0	NONE
505	RIGHT_HIPPOCAMPAL_FISSURE	153.0	221.0	238.0	255.0	NONE
506	RIGHT_CA4_DG	51.0	17.0	17.0	255.0	NONE
507	RIGHT_SUBICULUM	0.0	119.0	85.0	255.0	NONE
508	RIGHT_FORNIX	20.0	100.0	200.0	255.0	NONE
550	LEFT_CA2_3	17.0	85.0	137.0	255.0	NONE
551	LEFT_ALVEUS	119.0	187.0	103.0	255.0	NONE
552	LEFT_CA1	204.0	68.0	35.0	255.0	NONE
553	LEFT_FIMBRIA	204.0	0.0	254.0	255.0	NONE
554	LEFT_PRESUBICULUM	221.0	187.0	16.0	255.0	NONE
555	LEFT_HIPPOCAMPAL_FISSURE	153.0	221.0	239.0	255.0	NONE
556	LEFT_CA4_DG	51.0	17.0	18.0	255.0	NONE
557	LEFT_SUBICULUM	0.0	119.0	86.0	255.0	NONE
558	LEFT_FORNIX	20.0	100.0	201.0	255.0	NONE
600	TUMOR	254.0	254.0	254.0	255.0	NONE
601	CBM_LEFT_I_IV	70.0	130.0	180.0	255.0	NONE
602	CBM_RIGHT_I_IV	245.0	245.0	245.0	255.0	NONE
603	CBM_LEFT_V	205.0	62.0	78.0	255.0	NONE
604	CBM_RIGHT_V	120.0	18.0	134.0	255.0	NONE
605	CBM_LEFT_VI	196.0	58.0	250.0	255.0	NONE
606	CBM_VERMIS_VI	0.0	148.0	0.0	255.0	GM
607	CBM_RIGHT_VI	220.0	248.0	164.0	255.0	NONE
608	CBM_LEFT_CRUSI	230.0	148.0	34.0	255.0	NONE
609	CBM_VERMIS_CRUSI	0.0	118.0	14.0	255.0	GM
610	CBM_RIGHT_CRUSI	0.0	118.0	14.0	255.0	NONE
611	CBM_LEFT_CRUSII	122.0	186.0	220.0	255.0	NONE
612	CBM_VERMIS_CRUSII	236.0	13.0	176.0	255.0	GM
613	CBM_RIGHT_CRUSII	12.0	48.0	255.0	255.0	NONE
614	CBM_LEFT_VIIB	204.0	182.0	142.0	255.0	NONE
615	CBM_VERMIS_VIIB	42.0	204.0	164.0	255.0	GM
616	CBM_RIGHT_VIIB	119.0	159.0	176.0	255.0	NONE
617	CBM_LEFT_VIIIA	220.0	216.0	20.0	255.0	NONE
618	CBM_VERMIS_VIIIA	103.0	255.0	255.0	255.0	GM
619	CBM_RIGHT_VIIIA	80.0	196.0	98.0	255.0	NONE
620	CBM_LEFT_VIIIB	60.0	58.0	210.0	255.0	NONE
621	CBM_VERMIS_VIIIB	60.0	58.0	210.0	255.0	GM
622	CBM_RIGHT_VIIIB	60.0	58.0	210.0	255.0	NONE
623	CBM_LEFT_IX	60.0	58.0	210.0	255.0	NONE
624	CBM_VERMIS_IX	60.0	60.0	60.0	255.0	GM
625	CBM_RIGHT_IX	255.0	165.0	0.0	255.0	NONE
626	CBM_LEFT_X	255.0	165.0	0.0	255.0	NONE
627	CBM_VERMIS_X	0.0	255.0	127.0	255.0	GM
628	CBM_RIGHT_X	165.0	42.0	42.0	255.0	NONE
640	CBM_RIGHT_I_V_MED	204.0	0.0	0.0	255.0	NONE
641	CBM_RIGHT_I_V_MID	255.0	0.0	0.0	255.0	NONE
642	CBM_RIGHT_VI_MED	0.0	0.0	255.0	255.0	NONE
643	CBM_RIGHT_VI_MID	30.0	144.0	255.0	255.0	NONE
644	CBM_RIGHT_VI_LAT	100.0	212.0	237.0	255.0	NONE
645	CBM_RIGHT_CRUSI_MED	218.0	165.0	32.0	255.0	NONE
646	CBM_RIGHT_CRUSI_MID	255.0	215.0	0.0	255.0	NONE
647	CBM_RIGHT_CRUSI_LAT	255.0	255.0	166.0	255.0	NONE
648	CBM_RIGHT_CRUSII_MED	153.0	0.0	204.0	255.0	NONE
649	CBM_RIGHT_CRUSII_MID	153.0	141.0	209.0	255.0	NONE
650	CBM_RIGHT_CRUSII_LAT	204.0	204.0	255.0	255.0	NONE
651	CBM_RIGHT_7MED	31.0	212.0	194.0	255.0	NONE
652	CBM_RIGHT_7MID	3.0	255.0	237.0	255.0	NONE
653	CBM_RIGHT_7LAT	204.0	255.0	255.0	255.0	NONE
654	CBM_RIGHT_8MED	86.0	74.0	147.0	255.0	NONE
655	CBM_RIGHT_8MID	114.0	114.0	190.0	255.0	NONE
656	CBM_RIGHT_8LAT	184.0	178.0	255.0	255.0	NONE
657	CBM_RIGHT_PUNS	126.0	138.0	37.0	255.0	NONE
658	CBM_RIGHT_TONS	189.0	197.0	117.0	255.0	NONE
659	CBM_RIGHT_FLOS	240.0	230.0	140.0	255.0	NONE
660	CBM_LEFT_I_V_MED	204.0	0.0	0.0	255.0	NONE
661	CBM_LEFT_I_V_MID	255.0	0.0	0.0	255.0	NONE
662	CBM_LEFT_VI_MED	0.0	0.0	255.0	255.0	NONE
663	CBM_LEFT_VI_MID	30.0	144.0	255.0	255.0	NONE
664	CBM_LEFT_VI_LAT	100.0	212.0	237.0	255.0	NONE
665	CBM_LEFT_CRUSI_MED	218.0	165.0	32.0	255.0	NONE
666	CBM_LEFT_CRUSI_MID	255.0	215.0	0.0	255.0	NONE
667	CBM_LEFT_CRUSI_LAT	255.0	255.0	166.0	255.0	NONE
668	CBM_LEFT_CRUSII_MED	153.0	0.0	204.0	255.0	NONE
669	CBM_LEFT_CRUSII_MID	153.0	141.0	209.0	255.0	NONE
670	CBM_LEFT_CRUSII_LAT	204.0	204.0	255.0	255.0	NONE
671	CBM_LEFT_7MED	31.0	212.0	194.0	255.0	NONE
672	CBM_LEFT_7MID	3.0	255.0	237.0	255.0	NONE
673	CBM_LEFT_7LAT	204.0	255.0	255.0	255.0	NONE
674	CBM_LEFT_8MED	86.0	74.0	147.0	255.0	NONE
675	CBM_LEFT_8MID	114.0	114.0	190.0	255.0	NONE
676	CBM_LEFT_8LAT	184.0	178.0	255.0	255.0	NONE
677	CBM_LEFT_PUNS	126.0	138.0	37.0	255.0	NONE
678	CBM_LEFT_TONS	189.0	197.0	117.0	255.0	NONE
679	CBM_LEFT_FLOS	240.0	230.0	140.0	255.0	NONE
701	CSF-FSL-FAST	120.0	18.0	134.0	255.0	CSF
702	GRAYMATTER-FSL-FAST	205.0	62.0	78.0	255.0	NONE
703	WHITEMATTER-FSL-FAST	0.0	225.0	0.0	255.0	NONE
999	SUSPICIOUS	255.0	100.0	100.0	255.0	NONE
1000	CTX-LH-UNKNOWN	25.0	5.0	25.0	255.0	NONE
1001	CTX-LH-BANKSSTS	25.0	100.0	40.0	255.0	NONE
1002	CTX-LH-CAUDALANTERIORCINGULATE	125.0	100.0	160.0	255.0	NONE
1003	CTX-LH-CAUDALMIDDLEFRONTAL	100.0	25.0	0.0	255.0	NONE
1004	CTX-LH-CORPUSCALLOSUM	120.0	70.0	50.0	255.0	WM
1005	CTX-LH-CUNEUS	220.0	20.0	100.0	255.0	NONE
1006	CTX-LH-ENTORHINAL	220.0	20.0	10.0	255.0	NONE
1007	CTX-LH-FUSIFORM	180.0	220.0	140.0	255.0	NONE
1008	CTX-LH-INFERIORPARIETAL	220.0	60.0	220.0	255.0	NONE
1009	CTX-LH-INFERIORTEMPORAL	180.0	40.0	120.0	255.0	NONE
1010	CTX-LH-ISTHMUSCINGULATE	140.0	20.0	140.0	255.0	NONE
1011	CTX-LH-LATERALOCCIPITAL	20.0	30.0	140.0	255.0	NONE
1012	CTX-LH-LATERALORBITOFRONTAL	35.0	75.0	50.0	255.0	NONE
1013	CTX-LH-LINGUAL	225.0	140.0	140.0	255.0	NONE
1014	CTX-LH-MEDIALORBITOFRONTAL	200.0	35.0	75.0	255.0	NONE
1015	CTX-LH-MIDDLETEMPORAL	160.0	100.0	50.0	255.0	NONE
1016	CTX-LH-PARAHIPPOCAMPAL	20.0	220.0	60.0	255.0	NONE
1017	CTX-LH-PARACENTRAL	60.0	220.0	60.0	255.0	NONE
1018	CTX-LH-PARSOPERCULARIS	220.0	180.0	140.0	255.0	NONE
1019	CTX-LH-PARSORBITALIS	20.0	100.0	50.0	255.0	NONE
1020	CTX-LH-PARSTRIANGULARIS	220.0	60.0	20.0	255.0	NONE
1021	CTX-LH-PERICALCARINE	120.0	100.0	60.0	255.0	NONE
1022	CTX-LH-POSTCENTRAL	220.0	20.0	20.0	255.0	NONE
1023	CTX-LH-POSTERIORCINGULATE	220.0	180.0	220.0	255.0	NONE
1024	CTX-LH-PRECENTRAL	60.0	20.0	220.0	255.0	NONE
1025	CTX-LH-PRECUNEUS	160.0	140.0	180.0	255.0	NONE
1026	CTX-LH-ROSTRALANTERIORCINGULATE	80.0	20.0	140.0	255.0	NONE
1027	CTX-LH-ROSTRALMIDDLEFRONTAL	75.0	50.0	125.0	255.0	NONE
1028	CTX-LH-SUPERIORFRONTAL	20.0	220.0	160.0	255.0	NONE
1029	CTX-LH-SUPERIORPARIETAL	20.0	180.0	140.0	255.0	NONE
1030	CTX-LH-SUPERIORTEMPORAL	140.0	220.0	220.0	255.0	NONE
1031	CTX-LH-SUPRAMARGINAL	80.0	160.0	20.0	255.0	NONE
1032	CTX-LH-FRONTALPOLE	100.0	0.0	100.0	255.0	NONE
1033	CTX-LH-TEMPORALPOLE	70.0	70.0	70.0	255.0	NONE
1034	CTX-LH-TRANSVERSETEMPORAL	150.0	150.0	200.0	255.0	NONE
1035	CTX-LH-INSULA	255.0	192.0	32.0	255.0	GM
2000	CTX-RH-UNKNOWN	25.0	5.0	25.0	255.0	NONE
2001	CTX-RH-BANKSSTS	25.0	100.0	40.0	255.0	NONE
2002	CTX-RH-CAUDALANTERIORCINGULATE	125.0	100.0	160.0	255.0	NONE
2003	CTX-RH-CAUDALMIDDLEFRONTAL	100.0	25.0	0.0	255.0	NONE
2004	CTX-RH-CORPUSCALLOSUM	120.0	70.0	50.0	255.0	WM
2005	CTX-RH-CUNEUS	220.0	20.0	100.0	255.0	NONE
2006	CTX-RH-ENTORHINAL	220.0	20.0	10.0	255.0	NONE
2007	CTX-RH-FUSIFORM	180.0	220.0	140.0	255.0	NONE
2008	CTX-RH-INFERIORPARIETAL	220.0	60.0	220.0	255.0	NONE
2009	CTX-RH-INFERIORTEMPORAL	180.0	40.0	120.0	255.0	NONE
2010	CTX-RH-ISTHMUSCINGULATE	140.0	20.0	140.0	255.0	NONE
2011	CTX-RH-LATERALOCCIPITAL	20.0	30.0	140.0	255.0	NONE
2012	CTX-RH-LATERALORBITOFRONTAL	35.0	75.0	50.0	255.0	NONE
2013	CTX-RH-LINGUAL	225.0	140.0	140.0	255.0	NONE
2014	CTX-RH-MEDIALORBITOFRONTAL	200.0	35.0	75.0	255.0	NONE
2015	CTX-RH-MIDDLETEMPORAL	160.0	100.0	50.0	255.0	NONE
2016	CTX-RH-PARAHIPPOCAMPAL	20.0	220.0	60.0	255.0	NONE
2017	CTX-RH-PARACENTRAL	60.0	220.0	60.0	255.0	NONE
2018	CTX-RH-PARSOPERCULARIS	220.0	180.0	140.0	255.0	NONE
2019	CTX-RH-PARSORBITALIS	20.0	100.0	50.0	255.0	NONE
2020	CTX-RH-PARSTRIANGULARIS	220.0	60.0	20.0	255.0	NONE
2021	CTX-RH-PERICALCARINE	120.0	100.0	60.0	255.0	NONE
2022	CTX-RH-POSTCENTRAL	220.0	20.0	20.0	255.0	NONE
2023	CTX-RH-POSTERIORCINGULATE	220.0	180.0	220.0	255.0	NONE
2024	CTX-RH-PRECENTRAL	60.0	20.0	220.0	255.0	NONE
2025	CTX-RH-PRECUNEUS	160.0	140.0	180.0	255.0	NONE
2026	CTX-RH-ROSTRALANTERIORCINGULATE	80.0	20.0	140.0	255.0	NONE
2027	CTX-RH-ROSTRALMIDDLEFRONTAL	75.0	50.0	125.0	255.0	NONE
2028	CTX-RH-SUPERIORFRONTAL	20.0	220.0	160.0	255.0	NONE
2029	CTX-RH-SUPERIORPARIETAL	20.0	180.0	140.0	255.0	NONE
2030	CTX-RH-SUPERIORTEMPORAL	140.0	220.0	220.0	255.0	NONE
2031	CTX-RH-SUPRAMARGINAL	80.0	160.0	20.0	255.0	NONE
2032	CTX-RH-FRONTALPOLE	100.0	0.0	100.0	255.0	NONE
2033	CTX-RH-TEMPORALPOLE	70.0	70.0	70.0	255.0	NONE
2034	CTX-RH-TRANSVERSETEMPORAL	150.0	150.0	200.0	255.0	NONE
2035	CTX-RH-INSULA	255.0	192.0	32.0	255.0	GM
3000	WM-LH-UNKNOWN	230.0	250.0	230.0	255.0	NONE
3001	WM-LH-BANKSSTS	230.0	155.0	215.0	255.0	WM
3002	WM-LH-CAUDALANTERIORCINGULATE	130.0	155.0	95.0	255.0	WM
3003	WM-LH-CAUDALMIDDLEFRONTAL	155.0	230.0	255.0	255.0	WM
3004	WM-LH-CORPUSCALLOSUM	135.0	185.0	205.0	255.0	WM
3005	WM-LH-CUNEUS	35.0	235.0	155.0	255.0	WM
3006	WM-LH-ENTORHINAL	35.0	235.0	245.0	255.0	WM
3007	WM-LH-FUSIFORM	75.0	35.0	115.0	255.0	WM
3008	WM-LH-INFERIORPARIETAL	35.0	195.0	35.0	255.0	WM
3009	WM-LH-INFERIORTEMPORAL	75.0	215.0	135.0	255.0	WM
3010	WM-LH-ISTHMUSCINGULATE	115.0	235.0	115.0	255.0	WM
3011	WM-LH-LATERALOCCIPITAL	235.0	225.0	115.0	255.0	WM
3012	WM-LH-LATERALORBITOFRONTAL	220.0	180.0	205.0	255.0	WM
3013	WM-LH-LINGUAL	30.0	115.0	115.0	255.0	WM
3014	WM-LH-MEDIALORBITOFRONTAL	55.0	220.0	180.0	255.0	WM
3015	WM-LH-MIDDLETEMPORAL	95.0	155.0	205.0	255.0	WM
3016	WM-LH-PARAHIPPOCAMPAL	235.0	35.0	195.0	255.0	WM
3017	WM-LH-PARACENTRAL	195.0	35.0	195.0	255.0	WM
3018	WM-LH-PARSOPERCULARIS	35.0	75.0	115.0	255.0	WM
3019	WM-LH-PARSORBITALIS	235.0	155.0	205.0	255.0	NONE
3020	WM-LH-PARSTRIANGULARIS	35.0	195.0	235.0	255.0	WM
3021	WM-LH-PERICALCARINE	135.0	155.0	195.0	255.0	WM
3022	WM-LH-POSTCENTRAL	35.0	235.0	235.0	255.0	WM
3023	WM-LH-POSTERIORCINGULATE	35.0	75.0	35.0	255.0	WM
3024	WM-LH-PRECENTRAL	195.0	235.0	35.0	255.0	WM
3025	WM-LH-PRECUNEUS	95.0	115.0	75.0	255.0	WM
3026	WM-LH-ROSTRALANTERIORCINGULATE	175.0	235.0	115.0	255.0	WM
3027	WM-LH-ROSTRALMIDDLEFRONTAL	180.0	205.0	130.0	255.0	WM
3028	WM-LH-SUPERIORFRONTAL	235.0	35.0	95.0	255.0	WM
3029	WM-LH-SUPERIORPARIETAL	235.0	75.0	115.0	255.0	WM
3030	WM-LH-SUPERIORTEMPORAL	115.0	35.0	35.0	255.0	WM
3031	WM-LH-SUPRAMARGINAL	175.0	95.0	235.0	255.0	WM
3032	WM-LH-FRONTALPOLE	155.0	255.0	155.0	255.0	WM
3033	WM-LH-TEMPORALPOLE	185.0	185.0	185.0	255.0	WM
3034	WM-LH-TRANSVERSETEMPORAL	105.0	105.0	55.0	255.0	WM
3035	WM-LH-INSULA	254.0	191.0	31.0	255.0	WM
4000	WM-RH-UNKNOWN	230.0	250.0	230.0	255.0	NONE
4001	WM-RH-BANKSSTS	230.0	155.0	215.0	255.0	WM
4002	WM-RH-CAUDALANTERIORCINGULATE	130.0	155.0	95.0	255.0	WM
4003	WM-RH-CAUDALMIDDLEFRONTAL	155.0	230.0	255.0	255.0	WM
4004	WM-RH-CORPUSCALLOSUM	135.0	185.0	205.0	255.0	WM
4005	WM-RH-CUNEUS	35.0	235.0	155.0	255.0	WM
4006	WM-RH-ENTORHINAL	35.0	235.0	245.0	255.0	WM
4007	WM-RH-FUSIFORM	75.0	35.0	115.0	255.0	WM
4008	WM-RH-INFERIORPARIETAL	35.0	195.0	35.0	255.0	WM
4009	WM-RH-INFERIORTEMPORAL	75.0	215.0	135.0	255.0	WM
4010	WM-RH-ISTHMUSCINGULATE	115.0	235.0	115.0	255.0	WM
4011	WM-RH-LATERALOCCIPITAL	235.0	225.0	115.0	255.0	WM
4012	WM-RH-LATERALORBITOFRONTAL	220.0	180.0	205.0	255.0	WM
4013	WM-RH-LINGUAL	30.0	115.0	115.0	255.0	WM
4014	WM-RH-MEDIALORBITOFRONTAL	55.0	220.0	180.0	255.0	WM
4015	WM-RH-MIDDLETEMPORAL	95.0	155.0	205.0	255.0	WM
4016	WM-RH-PARAHIPPOCAMPAL	235.0	35.0	195.0	255.0	WM
4017	WM-RH-PARACENTRAL	195.0	35.0	195.0	255.0	WM
4018	WM-RH-PARSOPERCULARIS	35.0	75.0	115.0	255.0	WM
4019	WM-RH-PARSORBITALIS	235.0	155.0	205.0	255.0	NONE
4020	WM-RH-PARSTRIANGULARIS	35.0	195.0	235.0	255.0	WM
4021	WM-RH-PERICALCARINE	135.0	155.0	195.0	255.0	WM
4022	WM-RH-POSTCENTRAL	35.0	235.0	235.0	255.0	WM
4023	WM-RH-POSTERIORCINGULATE	35.0	75.0	35.0	255.0	WM
4024	WM-RH-PRECENTRAL	195.0	235.0	35.0	255.0	WM
4025	WM-RH-PRECUNEUS	95.0	115.0	75.0	255.0	WM
4026	WM-RH-ROSTRALANTERIORCINGULATE	175.0	235.0	115.0	255.0	WM
4027	WM-RH-ROSTRALMIDDLEFRONTAL	180.0	205.0	130.0	255.0	WM
4028	WM-RH-SUPERIORFRONTAL	235.0	35.0	95.0	255.0	WM
4029	WM-RH-SUPERIORPARIETAL	235.0	75.0	115.0	255.0	WM
4030	WM-RH-SUPERIORTEMPORAL	115.0	35.0	35.0	255.0	WM
4031	WM-RH-SUPRAMARGINAL	175.0	95.0	235.0	255.0	WM
4032	WM-RH-FRONTALPOLE	155.0	255.0	155.0	255.0	WM
4033	WM-RH-TEMPORALPOLE	185.0	185.0	185.0	255.0	WM
4034	WM-RH-TRANSVERSETEMPORAL	105.0	105.0	55.0	255.0	WM
4035	WM-RH-INSULA	254.0	191.0	31.0	255.0	WM
1100	CTX-LH-UNKNOWN	0.0	0.0	0.0	255.0	NONE
1101	CTX-LH-CORPUS_CALLOSUM	50.0	50.0	50.0	255.0	WM
1102	CTX-LH-G_AND_S_INSULA_ONLY_AVERAGE	180.0	20.0	30.0	255.0	GM
1103	CTX-LH-G_CINGULATE-ISTHMUS	60.0	25.0	25.0	255.0	NONE
1104	CTX-LH-G_CINGULATE-MAIN_PART	25.0	60.0	60.0	255.0	NONE
1200	CTX-LH-G_CINGULATE-CAUDAL_ACC	25.0	60.0	61.0	255.0	NONE
1201	CTX-LH-G_CINGULATE-ROSTRAL_ACC	25.0	90.0	60.0	255.0	NONE
1202	CTX-LH-G_CINGULATE-POSTERIOR	25.0	120.0	60.0	255.0	NONE
1205	CTX-LH-S_CINGULATE-CAUDAL_ACC	25.0	150.0	60.0	255.0	NONE
1206	CTX-LH-S_CINGULATE-ROSTRAL_ACC	25.0	180.0	60.0	255.0	NONE
1207	CTX-LH-S_CINGULATE-POSTERIOR	25.0	210.0	60.0	255.0	NONE
1210	CTX-LH-S_PERICALLOSAL-CAUDAL	25.0	150.0	90.0	255.0	NONE
1211	CTX-LH-S_PERICALLOSAL-ROSTRAL	25.0	180.0	90.0	255.0	NONE
1212	CTX-LH-S_PERICALLOSAL-POSTERIOR	25.0	210.0	90.0	255.0	NONE
1105	CTX-LH-G_CUNEUS	180.0	20.0	20.0	255.0	NONE
1106	CTX-LH-G_FRONTAL_INF-OPERCULAR_PART	220.0	20.0	100.0	255.0	NONE
1107	CTX-LH-G_FRONTAL_INF-ORBITAL_PART	140.0	60.0	60.0	255.0	NONE
1108	CTX-LH-G_FRONTAL_INF-TRIANGULAR_PART	180.0	220.0	140.0	255.0	NONE
1109	CTX-LH-G_FRONTAL_MIDDLE	140.0	100.0	180.0	255.0	NONE
1110	CTX-LH-G_FRONTAL_SUPERIOR	180.0	20.0	140.0	255.0	NONE
1111	CTX-LH-G_FRONTOMARGINAL	140.0	20.0	140.0	255.0	NONE
1112	CTX-LH-G_INSULAR_LONG	21.0	10.0	10.0	255.0	GM
1113	CTX-LH-G_INSULAR_SHORT	225.0	140.0	140.0	255.0	GM
1114	CTX-LH-G_AND_S_OCCIPITAL_INFERIOR	23.0	60.0	180.0	255.0	NONE
1115	CTX-LH-G_OCCIPITAL_MIDDLE	180.0	60.0	180.0	255.0	NONE
1116	CTX-LH-G_OCCIPITAL_SUPERIOR	20.0	220.0	60.0	255.0	NONE
1117	CTX-LH-G_OCCIPIT-TEMP_LAT-OR_FUSIFORM	60.0	20.0	140.0	255.0	NONE
1118	CTX-LH-G_OCCIPIT-TEMP_MED-LINGUAL_PART	220.0	180.0	140.0	255.0	NONE
1119	CTX-LH-G_OCCIPIT-TEMP_MED-PARAHIPPOCAMPAL_PART	65.0	100.0	20.0	255.0	NONE
1120	CTX-LH-G_ORBITAL	220.0	60.0	20.0	255.0	NONE
1121	CTX-LH-G_PARACENTRAL	60.0	100.0	60.0	255.0	NONE
1122	CTX-LH-G_PARIETAL_INFERIOR-ANGULAR_PART	20.0	60.0	220.0	255.0	NONE
1123	CTX-LH-G_PARIETAL_INFERIOR-SUPRAMARGINAL_PART	100.0	100.0	60.0	255.0	NONE
1124	CTX-LH-G_PARIETAL_SUPERIOR	220.0	180.0	220.0	255.0	NONE
1125	CTX-LH-G_POSTCENTRAL	20.0	180.0	140.0	255.0	NONE
1126	CTX-LH-G_PRECENTRAL	60.0	140.0	180.0	255.0	NONE
1127	CTX-LH-G_PRECUNEUS	25.0	20.0	140.0	255.0	NONE
1128	CTX-LH-G_RECTUS	20.0	60.0	100.0	255.0	NONE
1129	CTX-LH-G_SUBCALLOSAL	60.0	220.0	20.0	255.0	NONE
1130	CTX-LH-G_SUBCENTRAL	60.0	20.0	220.0	255.0	NONE
1131	CTX-LH-G_TEMPORAL_INFERIOR	220.0	220.0	100.0	255.0	NONE
1132	CTX-LH-G_TEMPORAL_MIDDLE	180.0	60.0	60.0	255.0	NONE
1133	CTX-LH-G_TEMP_SUP-G_TEMP_TRANSV_AND_INTERM_S	60.0	60.0	220.0	255.0	NONE
1134	CTX-LH-G_TEMP_SUP-LATERAL_ASPECT	220.0	60.0	220.0	255.0	NONE
1135	CTX-LH-G_TEMP_SUP-PLANUM_POLARE	65.0	220.0	60.0	255.0	NONE
1136	CTX-LH-G_TEMP_SUP-PLANUM_TEMPOLARE	25.0	140.0	20.0	255.0	NONE
1137	CTX-LH-G_AND_S_TRANSVERSE_FRONTOPOLAR	13.0	0.0	250.0	255.0	NONE
1138	CTX-LH-LAT_FISSURE-ANT_SGT-RAMUS_HORIZONTAL	61.0	20.0	220.0	255.0	NONE
1139	CTX-LH-LAT_FISSURE-ANT_SGT-RAMUS_VERTICAL	61.0	20.0	60.0	255.0	NONE
1140	CTX-LH-LAT_FISSURE-POST_SGT	61.0	60.0	100.0	255.0	NONE
1141	CTX-LH-MEDIAL_WALL	25.0	25.0	25.0	255.0	NONE
1142	CTX-LH-POLE_OCCIPITAL	140.0	20.0	60.0	255.0	NONE
1143	CTX-LH-POLE_TEMPORAL	220.0	180.0	20.0	255.0	NONE
1144	CTX-LH-S_CALCARINE	63.0	180.0	180.0	255.0	NONE
1145	CTX-LH-S_CENTRAL	221.0	20.0	10.0	255.0	NONE
1146	CTX-LH-S_CENTRAL_INSULA	21.0	220.0	20.0	255.0	GM
1147	CTX-LH-S_CINGULATE-MAIN_PART_AND_INTRACINGULATE	183.0	100.0	20.0	255.0	NONE
1148	CTX-LH-S_CINGULATE-MARGINALIS_PART	221.0	20.0	100.0	255.0	NONE
1149	CTX-LH-S_CIRCULAR_INSULA_ANTERIOR	221.0	60.0	140.0	255.0	GM
1150	CTX-LH-S_CIRCULAR_INSULA_INFERIOR	221.0	20.0	220.0	255.0	GM
1151	CTX-LH-S_CIRCULAR_INSULA_SUPERIOR	61.0	220.0	220.0	255.0	GM
1152	CTX-LH-S_COLLATERAL_TRANSVERSE_ANT	100.0	200.0	200.0	255.0	NONE
1153	CTX-LH-S_COLLATERAL_TRANSVERSE_POST	10.0	200.0	200.0	255.0	NONE
1154	CTX-LH-S_FRONTAL_INFERIOR	221.0	220.0	20.0	255.0	NONE
1155	CTX-LH-S_FRONTAL_MIDDLE	141.0	20.0	100.0	255.0	NONE
1156	CTX-LH-S_FRONTAL_SUPERIOR	61.0	220.0	100.0	255.0	NONE
1157	CTX-LH-S_FRONTOMARGINAL	21.0	220.0	60.0	255.0	NONE
1158	CTX-LH-S_INTERMEDIUS_PRIMUS-JENSEN	141.0	60.0	20.0	255.0	NONE
1159	CTX-LH-S_INTRAPARIETAL-AND_PARIETAL_TRANSVERSE	143.0	20.0	220.0	255.0	NONE
1160	CTX-LH-S_OCCIPITAL_ANTERIOR	61.0	20.0	180.0	255.0	NONE
1161	CTX-LH-S_OCCIPITAL_MIDDLE_AND_LUNATUS	101.0	60.0	220.0	255.0	NONE
1162	CTX-LH-S_OCCIPITAL_SUPERIOR_AND_TRANSVERSALIS	21.0	20.0	140.0	255.0	NONE
1163	CTX-LH-S_OCCIPITO-TEMPORAL_LATERAL	221.0	140.0	20.0	255.0	NONE
1164	CTX-LH-S_OCCIPITO-TEMPORAL_MEDIAL_AND_S_LINGUAL	141.0	100.0	220.0	255.0	NONE
1165	CTX-LH-S_ORBITAL-H_SHAPPED	101.0	20.0	20.0	255.0	NONE
1166	CTX-LH-S_ORBITAL_LATERAL	221.0	100.0	20.0	255.0	NONE
1167	CTX-LH-S_ORBITAL_MEDIAL-OR_OLFACTORY	181.0	200.0	20.0	255.0	NONE
1168	CTX-LH-S_PARACENTRAL	21.0	180.0	140.0	255.0	NONE
1169	CTX-LH-S_PARIETO_OCCIPITAL	101.0	100.0	180.0	255.0	NONE
1170	CTX-LH-S_PERICALLOSAL	181.0	220.0	20.0	255.0	NONE
1171	CTX-LH-S_POSTCENTRAL	21.0	140.0	200.0	255.0	NONE
1172	CTX-LH-S_PRECENTRAL-INFERIOR-PART	21.0	20.0	240.0	255.0	NONE
1173	CTX-LH-S_PRECENTRAL-SUPERIOR-PART	21.0	20.0	200.0	255.0	NONE
1174	CTX-LH-S_SUBCENTRAL_ANT	61.0	180.0	60.0	255.0	NONE
1175	CTX-LH-S_SUBCENTRAL_POST	61.0	180.0	250.0	255.0	NONE
1176	CTX-LH-S_SUBORBITAL	21.0	20.0	60.0	255.0	NONE
1177	CTX-LH-S_SUBPARIETAL	101.0	60.0	60.0	255.0	NONE
1178	CTX-LH-S_SUPRACINGULATE	21.0	220.0	220.0	255.0	NONE
1179	CTX-LH-S_TEMPORAL_INFERIOR	21.0	180.0	180.0	255.0	NONE
1180	CTX-LH-S_TEMPORAL_SUPERIOR	223.0	220.0	60.0	255.0	NONE
1181	CTX-LH-S_TEMPORAL_TRANSVERSE	221.0	60.0	60.0	255.0	NONE
2100	CTX-RH-UNKNOWN	0.0	0.0	0.0	255.0	NONE
2101	CTX-RH-CORPUS_CALLOSUM	50.0	50.0	50.0	255.0	WM
2102	CTX-RH-G_AND_S_INSULA_ONLY_AVERAGE	180.0	20.0	30.0	255.0	GM
2103	CTX-RH-G_CINGULATE-ISTHMUS	60.0	25.0	25.0	255.0	NONE
2104	CTX-RH-G_CINGULATE-MAIN_PART	25.0	60.0	60.0	255.0	NONE
2105	CTX-RH-G_CUNEUS	180.0	20.0	20.0	255.0	NONE
2106	CTX-RH-G_FRONTAL_INF-OPERCULAR_PART	220.0	20.0	100.0	255.0	NONE
2107	CTX-RH-G_FRONTAL_INF-ORBITAL_PART	140.0	60.0	60.0	255.0	NONE
2108	CTX-RH-G_FRONTAL_INF-TRIANGULAR_PART	180.0	220.0	140.0	255.0	NONE
2109	CTX-RH-G_FRONTAL_MIDDLE	140.0	100.0	180.0	255.0	NONE
2110	CTX-RH-G_FRONTAL_SUPERIOR	180.0	20.0	140.0	255.0	NONE
2111	CTX-RH-G_FRONTOMARGINAL	140.0	20.0	140.0	255.0	NONE
2112	CTX-RH-G_INSULAR_LONG	21.0	10.0	10.0	255.0	GM
2113	CTX-RH-G_INSULAR_SHORT	225.0	140.0	140.0	255.0	GM
2114	CTX-RH-G_AND_S_OCCIPITAL_INFERIOR	23.0	60.0	180.0	255.0	NONE
2115	CTX-RH-G_OCCIPITAL_MIDDLE	180.0	60.0	180.0	255.0	NONE
2116	CTX-RH-G_OCCIPITAL_SUPERIOR	20.0	220.0	60.0	255.0	NONE
2117	CTX-RH-G_OCCIPIT-TEMP_LAT-OR_FUSIFORM	60.0	20.0	140.0	255.0	NONE
2118	CTX-RH-G_OCCIPIT-TEMP_MED-LINGUAL_PART	220.0	180.0	140.0	255.0	NONE
2119	CTX-RH-G_OCCIPIT-TEMP_MED-PARAHIPPOCAMPAL_PART	65.0	100.0	20.0	255.0	NONE
2120	CTX-RH-G_ORBITAL	220.0	60.0	20.0	255.0	NONE
2121	CTX-RH-G_PARACENTRAL	60.0	100.0	60.0	255.0	NONE
2122	CTX-RH-G_PARIETAL_INFERIOR-ANGULAR_PART	20.0	60.0	220.0	255.0	NONE
2123	CTX-RH-G_PARIETAL_INFERIOR-SUPRAMARGINAL_PART	100.0	100.0	60.0	255.0	NONE
2124	CTX-RH-G_PARIETAL_SUPERIOR	220.0	180.0	220.0	255.0	NONE
2125	CTX-RH-G_POSTCENTRAL	20.0	180.0	140.0	255.0	NONE
2126	CTX-RH-G_PRECENTRAL	60.0	140.0	180.0	255.0	NONE
2127	CTX-RH-G_PRECUNEUS	25.0	20.0	140.0	255.0	NONE
2128	CTX-RH-G_RECTUS	20.0	60.0	100.0	255.0	NONE
2129	CTX-RH-G_SUBCALLOSAL	60.0	220.0	20.0	255.0	NONE
2130	CTX-RH-G_SUBCENTRAL	60.0	20.0	220.0	255.0	NONE
2131	CTX-RH-G_TEMPORAL_INFERIOR	220.0	220.0	100.0	255.0	NONE
2132	CTX-RH-G_TEMPORAL_MIDDLE	180.0	60.0	60.0	255.0	NONE
2133	CTX-RH-G_TEMP_SUP-G_TEMP_TRANSV_AND_INTERM_S	60.0	60.0	220.0	255.0	NONE
2134	CTX-RH-G_TEMP_SUP-LATERAL_ASPECT	220.0	60.0	220.0	255.0	NONE
2135	CTX-RH-G_TEMP_SUP-PLANUM_POLARE	65.0	220.0	60.0	255.0	NONE
2136	CTX-RH-G_TEMP_SUP-PLANUM_TEMPOLARE	25.0	140.0	20.0	255.0	NONE
2137	CTX-RH-G_AND_S_TRANSVERSE_FRONTOPOLAR	13.0	0.0	250.0	255.0	NONE
2138	CTX-RH-LAT_FISSURE-ANT_SGT-RAMUS_HORIZONTAL	61.0	20.0	220.0	255.0	NONE
2139	CTX-RH-LAT_FISSURE-ANT_SGT-RAMUS_VERTICAL	61.0	20.0	60.0	255.0	NONE
2140	CTX-RH-LAT_FISSURE-POST_SGT	61.0	60.0	100.0	255.0	NONE
2141	CTX-RH-MEDIAL_WALL	25.0	25.0	25.0	255.0	NONE
2142	CTX-RH-POLE_OCCIPITAL	140.0	20.0	60.0	255.0	NONE
2143	CTX-RH-POLE_TEMPORAL	220.0	180.0	20.0	255.0	NONE
2144	CTX-RH-S_CALCARINE	63.0	180.0	180.0	255.0	NONE
2145	CTX-RH-S_CENTRAL	221.0	20.0	10.0	255.0	NONE
2146	CTX-RH-S_CENTRAL_INSULA	21.0	220.0	20.0	255.0	GM
2147	CTX-RH-S_CINGULATE-MAIN_PART_AND_INTRACINGULATE	183.0	100.0	20.0	255.0	NONE
2148	CTX-RH-S_CINGULATE-MARGINALIS_PART	221.0	20.0	100.0	255.0	NONE
2149	CTX-RH-S_CIRCULAR_INSULA_ANTERIOR	221.0	60.0	140.0	255.0	GM
2150	CTX-RH-S_CIRCULAR_INSULA_INFERIOR	221.0	20.0	220.0	255.0	GM
2151	CTX-RH-S_CIRCULAR_INSULA_SUPERIOR	61.0	220.0	220.0	255.0	GM
2152	CTX-RH-S_COLLATERAL_TRANSVERSE_ANT	100.0	200.0	200.0	255.0	NONE
2153	CTX-RH-S_COLLATERAL_TRANSVERSE_POST	10.0	200.0	200.0	255.0	NONE
2154	CTX-RH-S_FRONTAL_INFERIOR	221.0	220.0	20.0	255.0	NONE
2155	CTX-RH-S_FRONTAL_MIDDLE	141.0	20.0	100.0	255.0	NONE
2156	CTX-RH-S_FRONTAL_SUPERIOR	61.0	220.0	100.0	255.0	NONE
2157	CTX-RH-S_FRONTOMARGINAL	21.0	220.0	60.0	255.0	NONE
2158	CTX-RH-S_INTERMEDIUS_PRIMUS-JENSEN	141.0	60.0	20.0	255.0	NONE
2159	CTX-RH-S_INTRAPARIETAL-AND_PARIETAL_TRANSVERSE	143.0	20.0	220.0	255.0	NONE
2160	CTX-RH-S_OCCIPITAL_ANTERIOR	61.0	20.0	180.0	255.0	NONE
2161	CTX-RH-S_OCCIPITAL_MIDDLE_AND_LUNATUS	101.0	60.0	220.0	255.0	NONE
2162	CTX-RH-S_OCCIPITAL_SUPERIOR_AND_TRANSVERSALIS	21.0	20.0	140.0	255.0	NONE
2163	CTX-RH-S_OCCIPITO-TEMPORAL_LATERAL	221.0	140.0	20.0	255.0	NONE
2164	CTX-RH-S_OCCIPITO-TEMPORAL_MEDIAL_AND_S_LINGUAL	141.0	100.0	220.0	255.0	NONE
2165	CTX-RH-S_ORBITAL-H_SHAPPED	101.0	20.0	20.0	255.0	NONE
2166	CTX-RH-S_ORBITAL_LATERAL	221.0	100.0	20.0	255.0	NONE
2167	CTX-RH-S_ORBITAL_MEDIAL-OR_OLFACTORY	181.0	200.0	20.0	255.0	NONE
2168	CTX-RH-S_PARACENTRAL	21.0	180.0	140.0	255.0	NONE
2169	CTX-RH-S_PARIETO_OCCIPITAL	101.0	100.0	180.0	255.0	NONE
2170	CTX-RH-S_PERICALLOSAL	181.0	220.0	20.0	255.0	NONE
2171	CTX-RH-S_POSTCENTRAL	21.0	140.0	200.0	255.0	NONE
2172	CTX-RH-S_PRECENTRAL-INFERIOR-PART	21.0	20.0	240.0	255.0	NONE
2173	CTX-RH-S_PRECENTRAL-SUPERIOR-PART	21.0	20.0	200.0	255.0	NONE
2174	CTX-RH-S_SUBCENTRAL_ANT	61.0	180.0	60.0	255.0	NONE
2175	CTX-RH-S_SUBCENTRAL_POST	61.0	180.0	250.0	255.0	NONE
2176	CTX-RH-S_SUBORBITAL	21.0	20.0	60.0	255.0	NONE
2177	CTX-RH-S_SUBPARIETAL	101.0	60.0	60.0	255.0	NONE
2178	CTX-RH-S_SUPRACINGULATE	21.0	220.0	220.0	255.0	NONE
2179	CTX-RH-S_TEMPORAL_INFERIOR	21.0	180.0	180.0	255.0	NONE
2180	CTX-RH-S_TEMPORAL_SUPERIOR	223.0	220.0	60.0	255.0	NONE
2181	CTX-RH-S_TEMPORAL_TRANSVERSE	221.0	60.0	60.0	255.0	NONE
2200	CTX-RH-G_CINGULATE-CAUDAL_ACC	25.0	60.0	61.0	255.0	NONE
2201	CTX-RH-G_CINGULATE-ROSTRAL_ACC	25.0	90.0	60.0	255.0	NONE
2202	CTX-RH-G_CINGULATE-POSTERIOR	25.0	120.0	60.0	255.0	NONE
2205	CTX-RH-S_CINGULATE-CAUDAL_ACC	25.0	150.0	60.0	255.0	NONE
2206	CTX-RH-S_CINGULATE-ROSTRAL_ACC	25.0	180.0	60.0	255.0	NONE
2207	CTX-RH-S_CINGULATE-POSTERIOR	25.0	210.0	60.0	255.0	NONE
2210	CTX-RH-S_PERICALLOSAL-CAUDAL	25.0	150.0	90.0	255.0	NONE
2211	CTX-RH-S_PERICALLOSAL-ROSTRAL	25.0	180.0	90.0	255.0	NONE
2212	CTX-RH-S_PERICALLOSAL-POSTERIOR	25.0	210.0	90.0	255.0	NONE
3100	WM-LH-UNKNOWN	0.0	0.0	0.0	255.0	NONE
3101	WM-LH-CORPUS_CALLOSUM	50.0	50.0	50.0	255.0	WM
3102	WM-LH-G_AND_S_INSULA_ONLY_AVERAGE	180.0	20.0	30.0	255.0	WM
3103	WM-LH-G_CINGULATE-ISTHMUS	60.0	25.0	25.0	255.0	WM
3104	WM-LH-G_CINGULATE-MAIN_PART	25.0	60.0	60.0	255.0	WM
3105	WM-LH-G_CUNEUS	180.0	20.0	20.0	255.0	WM
3106	WM-LH-G_FRONTAL_INF-OPERCULAR_PART	220.0	20.0	100.0	255.0	WM
3107	WM-LH-G_FRONTAL_INF-ORBITAL_PART	140.0	60.0	60.0	255.0	NONE
3108	WM-LH-G_FRONTAL_INF-TRIANGULAR_PART	180.0	220.0	140.0	255.0	WM
3109	WM-LH-G_FRONTAL_MIDDLE	140.0	100.0	180.0	255.0	WM
3110	WM-LH-G_FRONTAL_SUPERIOR	180.0	20.0	140.0	255.0	WM
3111	WM-LH-G_FRONTOMARGINAL	140.0	20.0	140.0	255.0	WM
3112	WM-LH-G_INSULAR_LONG	21.0	10.0	10.0	255.0	WM
3113	WM-LH-G_INSULAR_SHORT	225.0	140.0	140.0	255.0	WM
3114	WM-LH-G_AND_S_OCCIPITAL_INFERIOR	23.0	60.0	180.0	255.0	WM
3115	WM-LH-G_OCCIPITAL_MIDDLE	180.0	60.0	180.0	255.0	WM
3116	WM-LH-G_OCCIPITAL_SUPERIOR	20.0	220.0	60.0	255.0	WM
3117	WM-LH-G_OCCIPIT-TEMP_LAT-OR_FUSIFORM	60.0	20.0	140.0	255.0	WM
3118	WM-LH-G_OCCIPIT-TEMP_MED-LINGUAL_PART	220.0	180.0	140.0	255.0	WM
3119	WM-LH-G_OCCIPIT-TEMP_MED-PARAHIPPOCAMPAL_PART	65.0	100.0	20.0	255.0	WM
3120	WM-LH-G_ORBITAL	220.0	60.0	20.0	255.0	NONE
3121	WM-LH-G_PARACENTRAL	60.0	100.0	60.0	255.0	WM
3122	WM-LH-G_PARIETAL_INFERIOR-ANGULAR_PART	20.0	60.0	220.0	255.0	WM
3123	WM-LH-G_PARIETAL_INFERIOR-SUPRAMARGINAL_PART	100.0	100.0	60.0	255.0	WM
3124	WM-LH-G_PARIETAL_SUPERIOR	220.0	180.0	220.0	255.0	WM
3125	WM-LH-G_POSTCENTRAL	20.0	180.0	140.0	255.0	WM
3126	WM-LH-G_PRECENTRAL	60.0	140.0	180.0	255.0	WM
3127	WM-LH-G_PRECUNEUS	25.0	20.0	140.0	255.0	WM
3128	WM-LH-G_RECTUS	20.0	60.0	100.0	255.0	WM
3129	WM-LH-G_SUBCALLOSAL	60.0	220.0	20.0	255.0	WM
3130	WM-LH-G_SUBCENTRAL	60.0	20.0	220.0	255.0	WM
3131	WM-LH-G_TEMPORAL_INFERIOR	220.0	220.0	100.0	255.0	WM
3132	WM-LH-G_TEMPORAL_MIDDLE	180.0	60.0	60.0	255.0	WM
3133	WM-LH-G_TEMP_SUP-G_TEMP_TRANSV_AND_INTERM_S	60.0	60.0	220.0	255.0	WM
3134	WM-LH-G_TEMP_SUP-LATERAL_ASPECT	220.0	60.0	220.0	255.0	WM
3135	WM-LH-G_TEMP_SUP-PLANUM_POLARE	65.0	220.0	60.0	255.0	WM
3136	WM-LH-G_TEMP_SUP-PLANUM_TEMPOLARE	25.0	140.0	20.0	255.0	WM
3137	WM-LH-G_AND_S_TRANSVERSE_FRONTOPOLAR	13.0	0.0	250.0	255.0	WM
3138	WM-LH-LAT_FISSURE-ANT_SGT-RAMUS_HORIZONTAL	61.0	20.0	220.0	255.0	WM
3139	WM-LH-LAT_FISSURE-ANT_SGT-RAMUS_VERTICAL	61.0	20.0	60.0	255.0	WM
3140	WM-LH-LAT_FISSURE-POST_SGT	61.0	60.0	100.0	255.0	WM
3141	WM-LH-MEDIAL_WALL	25.0	25.0	25.0	255.0	NONE
3142	WM-LH-POLE_OCCIPITAL	140.0	20.0	60.0	255.0	WM
3143	WM-LH-POLE_TEMPORAL	220.0	180.0	20.0	255.0	WM
3144	WM-LH-S_CALCARINE	63.0	180.0	180.0	255.0	WM
3145	WM-LH-S_CENTRAL	221.0	20.0	10.0	255.0	WM
3146	WM-LH-S_CENTRAL_INSULA	21.0	220.0	20.0	255.0	WM
3147	WM-LH-S_CINGULATE-MAIN_PART_AND_INTRACINGULATE	183.0	100.0	20.0	255.0	WM
3148	WM-LH-S_CINGULATE-MARGINALIS_PART	221.0	20.0	100.0	255.0	WM
3149	WM-LH-S_CIRCULAR_INSULA_ANTERIOR	221.0	60.0	140.0	255.0	WM
3150	WM-LH-S_CIRCULAR_INSULA_INFERIOR	221.0	20.0	220.0	255.0	WM
3151	WM-LH-S_CIRCULAR_INSULA_SUPERIOR	61.0	220.0	220.0	255.0	WM
3152	WM-LH-S_COLLATERAL_TRANSVERSE_ANT	100.0	200.0	200.0	255.0	WM
3153	WM-LH-S_COLLATERAL_TRANSVERSE_POST	10.0	200.0	200.0	255.0	WM
3154	WM-LH-S_FRONTAL_INFERIOR	221.0	220.0	20.0	255.0	WM
3155	WM-LH-S_FRONTAL_MIDDLE	141.0	20.0	100.0	255.0	WM
3156	WM-LH-S_FRONTAL_SUPERIOR	61.0	220.0	100.0	255.0	WM
3157	WM-LH-S_FRONTOMARGINAL	21.0	220.0	60.0	255.0	WM
3158	WM-LH-S_INTERMEDIUS_PRIMUS-JENSEN	141.0	60.0	20.0	255.0	WM
3159	WM-LH-S_INTRAPARIETAL-AND_PARIETAL_TRANSVERSE	143.0	20.0	220.0	255.0	WM
3160	WM-LH-S_OCCIPITAL_ANTERIOR	61.0	20.0	180.0	255.0	WM
3161	WM-LH-S_OCCIPITAL_MIDDLE_AND_LUNATUS	101.0	60.0	220.0	255.0	WM
3162	WM-LH-S_OCCIPITAL_SUPERIOR_AND_TRANSVERSALIS	21.0	20.0	140.0	255.0	WM
3163	WM-LH-S_OCCIPITO-TEMPORAL_LATERAL	221.0	140.0	20.0	255.0	WM
3164	WM-LH-S_OCCIPITO-TEMPORAL_MEDIAL_AND_S_LINGUAL	141.0	100.0	220.0	255.0	WM
3165	WM-LH-S_ORBITAL-H_SHAPPED	101.0	20.0	20.0	255.0	NONE
3166	WM-LH-S_ORBITAL_LATERAL	221.0	100.0	20.0	255.0	NONE
3167	WM-LH-S_ORBITAL_MEDIAL-OR_OLFACTORY	181.0	200.0	20.0	255.0	NONE
3168	WM-LH-S_PARACENTRAL	21.0	180.0	140.0	255.0	WM
3169	WM-LH-S_PARIETO_OCCIPITAL	101.0	100.0	180.0	255.0	WM
3170	WM-LH-S_PERICALLOSAL	181.0	220.0	20.0	255.0	WM
3171	WM-LH-S_POSTCENTRAL	21.0	140.0	200.0	255.0	WM
3172	WM-LH-S_PRECENTRAL-INFERIOR-PART	21.0	20.0	240.0	255.0	WM
3173	WM-LH-S_PRECENTRAL-SUPERIOR-PART	21.0	20.0	200.0	255.0	WM
3174	WM-LH-S_SUBCENTRAL_ANT	61.0	180.0	60.0	255.0	WM
3175	WM-LH-S_SUBCENTRAL_POST	61.0	180.0	250.0	255.0	WM
3176	WM-LH-S_SUBORBITAL	21.0	20.0	60.0	255.0	NONE
3177	WM-LH-S_SUBPARIETAL	101.0	60.0	60.0	255.0	WM
3178	WM-LH-S_SUPRACINGULATE	21.0	220.0	220.0	255.0	WM
3179	WM-LH-S_TEMPORAL_INFERIOR	21.0	180.0	180.0	255.0	WM
3180	WM-LH-S_TEMPORAL_SUPERIOR	223.0	220.0	60.0	255.0	WM
3181	WM-LH-S_TEMPORAL_TRANSVERSE	221.0	60.0	60.0	255.0	WM
4100	WM-RH-UNKNOWN	0.0	0.0	0.0	255.0	NONE
4101	WM-RH-CORPUS_CALLOSUM	50.0	50.0	50.0	255.0	WM
4102	WM-RH-G_AND_S_INSULA_ONLY_AVERAGE	180.0	20.0	30.0	255.0	WM
4103	WM-RH-G_CINGULATE-ISTHMUS	60.0	25.0	25.0	255.0	WM
4104	WM-RH-G_CINGULATE-MAIN_PART	25.0	60.0	60.0	255.0	WM
4105	WM-RH-G_CUNEUS	180.0	20.0	20.0	255.0	WM
4106	WM-RH-G_FRONTAL_INF-OPERCULAR_PART	220.0	20.0	100.0	255.0	WM
4107	WM-RH-G_FRONTAL_INF-ORBITAL_PART	140.0	60.0	60.0	255.0	NONE
4108	WM-RH-G_FRONTAL_INF-TRIANGULAR_PART	180.0	220.0	140.0	255.0	WM
4109	WM-RH-G_FRONTAL_MIDDLE	140.0	100.0	180.0	255.0	WM
4110	WM-RH-G_FRONTAL_SUPERIOR	180.0	20.0	140.0	255.0	WM
4111	WM-RH-G_FRONTOMARGINAL	140.0	20.0	140.0	255.0	WM
4112	WM-RH-G_INSULAR_LONG	21.0	10.0	10.0	255.0	WM
4113	WM-RH-G_INSULAR_SHORT	225.0	140.0	140.0	255.0	WM
4114	WM-RH-G_AND_S_OCCIPITAL_INFERIOR	23.0	60.0	180.0	255.0	WM
4115	WM-RH-G_OCCIPITAL_MIDDLE	180.0	60.0	180.0	255.0	WM
4116	WM-RH-G_OCCIPITAL_SUPERIOR	20.0	220.0	60.0	255.0	WM
4117	WM-RH-G_OCCIPIT-TEMP_LAT-OR_FUSIFORM	60.0	20.0	140.0	255.0	WM
4118	WM-RH-G_OCCIPIT-TEMP_MED-LINGUAL_PART	220.0	180.0	140.0	255.0	WM
4119	WM-RH-G_OCCIPIT-TEMP_MED-PARAHIPPOCAMPAL_PART	65.0	100.0	20.0	255.0	WM
4120	WM-RH-G_ORBITAL	220.0	60.0	20.0	255.0	NONE
4121	WM-RH-G_PARACENTRAL	60.0	100.0	60.0	255.0	WM
4122	WM-RH-G_PARIETAL_INFERIOR-ANGULAR_PART	20.0	60.0	220.0	255.0	WM
4123	WM-RH-G_PARIETAL_INFERIOR-SUPRAMARGINAL_PART	100.0	100.0	60.0	255.0	WM
4124	WM-RH-G_PARIETAL_SUPERIOR	220.0	180.0	220.0	255.0	WM
4125	WM-RH-G_POSTCENTRAL	20.0	180.0	140.0	255.0	WM
4126	WM-RH-G_PRECENTRAL	60.0	140.0	180.0	255.0	WM
4127	WM-RH-G_PRECUNEUS	25.0	20.0	140.0	255.0	WM
4128	WM-RH-G_RECTUS	20.0	60.0	100.0	255.0	WM
4129	WM-RH-G_SUBCALLOSAL	60.0	220.0	20.0	255.0	WM
4130	WM-RH-G_SUBCENTRAL	60.0	20.0	220.0	255.0	WM
4131	WM-RH-G_TEMPORAL_INFERIOR	220.0	220.0	100.0	255.0	WM
4132	WM-RH-G_TEMPORAL_MIDDLE	180.0	60.0	60.0	255.0	WM
4133	WM-RH-G_TEMP_SUP-G_TEMP_TRANSV_AND_INTERM_S	60.0	60.0	220.0	255.0	WM
4134	WM-RH-G_TEMP_SUP-LATERAL_ASPECT	220.0	60.0	220.0	255.0	WM
4135	WM-RH-G_TEMP_SUP-PLANUM_POLARE	65.0	220.0	60.0	255.0	WM
4136	WM-RH-G_TEMP_SUP-PLANUM_TEMPOLARE	25.0	140.0	20.0	255.0	WM
4137	WM-RH-G_AND_S_TRANSVERSE_FRONTOPOLAR	13.0	0.0	250.0	255.0	WM
4138	WM-RH-LAT_FISSURE-ANT_SGT-RAMUS_HORIZONTAL	61.0	20.0	220.0	255.0	WM
4139	WM-RH-LAT_FISSURE-ANT_SGT-RAMUS_VERTICAL	61.0	20.0	60.0	255.0	WM
4140	WM-RH-LAT_FISSURE-POST_SGT	61.0	60.0	100.0	255.0	WM
4141	WM-RH-MEDIAL_WALL	25.0	25.0	25.0	255.0	NONE
4142	WM-RH-POLE_OCCIPITAL	140.0	20.0	60.0	255.0	WM
4143	WM-RH-POLE_TEMPORAL	220.0	180.0	20.0	255.0	WM
4144	WM-RH-S_CALCARINE	63.0	180.0	180.0	255.0	WM
4145	WM-RH-S_CENTRAL	221.0	20.0	10.0	255.0	WM
4146	WM-RH-S_CENTRAL_INSULA	21.0	220.0	20.0	255.0	WM
4147	WM-RH-S_CINGULATE-MAIN_PART_AND_INTRACINGULATE	183.0	100.0	20.0	255.0	WM
4148	WM-RH-S_CINGULATE-MARGINALIS_PART	221.0	20.0	100.0	255.0	WM
4149	WM-RH-S_CIRCULAR_INSULA_ANTERIOR	221.0	60.0	140.0	255.0	WM
4150	WM-RH-S_CIRCULAR_INSULA_INFERIOR	221.0	20.0	220.0	255.0	WM
4151	WM-RH-S_CIRCULAR_INSULA_SUPERIOR	61.0	220.0	220.0	255.0	WM
4152	WM-RH-S_COLLATERAL_TRANSVERSE_ANT	100.0	200.0	200.0	255.0	WM
4153	WM-RH-S_COLLATERAL_TRANSVERSE_POST	10.0	200.0	200.0	255.0	WM
4154	WM-RH-S_FRONTAL_INFERIOR	221.0	220.0	20.0	255.0	WM
4155	WM-RH-S_FRONTAL_MIDDLE	141.0	20.0	100.0	255.0	WM
4156	WM-RH-S_FRONTAL_SUPERIOR	61.0	220.0	100.0	255.0	WM
4157	WM-RH-S_FRONTOMARGINAL	21.0	220.0	60.0	255.0	WM
4158	WM-RH-S_INTERMEDIUS_PRIMUS-JENSEN	141.0	60.0	20.0	255.0	WM
4159	WM-RH-S_INTRAPARIETAL-AND_PARIETAL_TRANSVERSE	143.0	20.0	220.0	255.0	WM
4160	WM-RH-S_OCCIPITAL_ANTERIOR	61.0	20.0	180.0	255.0	WM
4161	WM-RH-S_OCCIPITAL_MIDDLE_AND_LUNATUS	101.0	60.0	220.0	255.0	WM
4162	WM-RH-S_OCCIPITAL_SUPERIOR_AND_TRANSVERSALIS	21.0	20.0	140.0	255.0	WM
4163	WM-RH-S_OCCIPITO-TEMPORAL_LATERAL	221.0	140.0	20.0	255.0	WM
4164	WM-RH-S_OCCIPITO-TEMPORAL_MEDIAL_AND_S_LINGUAL	141.0	100.0	220.0	255.0	WM
4165	WM-RH-S_ORBITAL-H_SHAPPED	101.0	20.0	20.0	255.0	NONE
4166	WM-RH-S_ORBITAL_LATERAL	221.0	100.0	20.0	255.0	NONE
4167	WM-RH-S_ORBITAL_MEDIAL-OR_OLFACTORY	181.0	200.0	20.0	255.0	NONE
4168	WM-RH-S_PARACENTRAL	21.0	180.0	140.0	255.0	WM
4169	WM-RH-S_PARIETO_OCCIPITAL	101.0	100.0	180.0	255.0	WM
4170	WM-RH-S_PERICALLOSAL	181.0	220.0	20.0	255.0	WM
4171	WM-RH-S_POSTCENTRAL	21.0	140.0	200.0	255.0	WM
4172	WM-RH-S_PRECENTRAL-INFERIOR-PART	21.0	20.0	240.0	255.0	WM
4173	WM-RH-S_PRECENTRAL-SUPERIOR-PART	21.0	20.0	200.0	255.0	WM
4174	WM-RH-S_SUBCENTRAL_ANT	61.0	180.0	60.0	255.0	WM
4175	WM-RH-S_SUBCENTRAL_POST	61.0	180.0	250.0	255.0	WM
4176	WM-RH-S_SUBORBITAL	21.0	20.0	60.0	255.0	NONE
4177	WM-RH-S_SUBPARIETAL	101.0	60.0	60.0	255.0	WM
4178	WM-RH-S_SUPRACINGULATE	21.0	220.0	220.0	255.0	WM
4179	WM-RH-S_TEMPORAL_INFERIOR	21.0	180.0	180.0	255.0	WM
4180	WM-RH-S_TEMPORAL_SUPERIOR	223.0	220.0	60.0	255.0	WM
4181	WM-RH-S_TEMPORAL_TRANSVERSE	221.0	60.0	60.0	255.0	WM
5001	LEFT-UNSEGMENTEDWHITEMATTER	20.0	30.0	40.0	255.0	NONE
5002	RIGHT-UNSEGMENTEDWHITEMATTER	20.0	30.0	40.0	255.0	NONE
5100	FMAJOR	204.0	102.0	102.0	255.0	NONE
5101	FMINOR	204.0	102.0	102.0	255.0	NONE
5102	LH.ATR	255.0	255.0	102.0	255.0	NONE
5103	LH.CAB	153.0	204.0	0.0	255.0	NONE
5104	LH.CCG	0.0	153.0	153.0	255.0	NONE
5105	LH.CST	204.0	153.0	255.0	255.0	NONE
5106	LH.ILF	255.0	153.0	51.0	255.0	NONE
5107	LH.SLFP	204.0	204.0	204.0	255.0	NONE
5108	LH.SLFT	153.0	255.0	255.0	255.0	NONE
5109	LH.UNC	102.0	153.0	255.0	255.0	NONE
5110	RH.ATR	255.0	255.0	102.0	255.0	NONE
5111	RH.CAB	153.0	204.0	0.0	255.0	NONE
5112	RH.CCG	0.0	153.0	153.0	255.0	NONE
5113	RH.CST	204.0	153.0	255.0	255.0	NONE
5114	RH.ILF	255.0	153.0	51.0	255.0	NONE
5115	RH.SLFP	204.0	204.0	204.0	255.0	NONE
5116	RH.SLFT	153.0	255.0	255.0	255.0	NONE
5117	RH.UNC	102.0	153.0	255.0	255.0	NONE
5200	CC-FORCEPSMAJOR	204.0	102.0	102.0	255.0	NONE
5201	CC-FORCEPSMINOR	204.0	102.0	102.0	255.0	NONE
5202	LANTTHALRADIATION	255.0	255.0	102.0	255.0	NONE
5203	LCINGULUMANGBUNDLE	153.0	204.0	0.0	255.0	NONE
5204	LCINGULUMCINGGYRUS	0.0	153.0	153.0	255.0	NONE
5205	LCORTICOSPINALTRACT	204.0	153.0	255.0	255.0	NONE
5206	LINFLONGFAS	255.0	153.0	51.0	255.0	NONE
5207	LSUPLONGFASPARIETAL	204.0	204.0	204.0	255.0	NONE
5208	LSUPLONGFASTEMPORAL	153.0	255.0	255.0	255.0	NONE
5209	LUNCINATEFAS	102.0	153.0	255.0	255.0	NONE
5210	RANTTHALRADIATION	255.0	255.0	102.0	255.0	NONE
5211	RCINGULUMANGBUNDLE	153.0	204.0	0.0	255.0	NONE
5212	RCINGULUMCINGGYRUS	0.0	153.0	153.0	255.0	NONE
5213	RCORTICOSPINALTRACT	204.0	153.0	255.0	255.0	NONE
5214	RINFLONGFAS	255.0	153.0	51.0	255.0	NONE
5215	RSUPLONGFASPARIETAL	204.0	204.0	204.0	255.0	NONE
5216	RSUPLONGFASTEMPORAL	153.0	255.0	255.0	255.0	NONE
5217	RUNCINATEFAS	102.0	153.0	255.0	255.0	NONE
6000	CST-ORIG	0.0	255.0	0.0	255.0	NONE
6001	CST-HAMMER	255.0	255.0	0.0	255.0	NONE
6002	CST-CVS	0.0	255.0	255.0	255.0	NONE
6003	CST-FLIRT	0.0	0.0	255.0	255.0	NONE
6010	LEFT-SLF1	236.0	16.0	231.0	255.0	NONE
6020	RIGHT-SLF1	237.0	18.0	232.0	255.0	NONE
6030	LEFT-SLF3	236.0	13.0	227.0	255.0	NONE
6040	RIGHT-SLF3	236.0	17.0	228.0	255.0	NONE
6050	LEFT-CST	1.0	255.0	1.0	255.0	NONE
6060	RIGHT-CST	2.0	255.0	1.0	255.0	NONE
6070	LEFT-SLF2	236.0	14.0	230.0	255.0	NONE
6080	RIGHT-SLF2	237.0	14.0	230.0	255.0	NONE
7001	LATERAL-NUCLEUS	72.0	132.0	181.0	255.0	NONE
7002	BASOLATERAL-NUCLEUS	243.0	243.0	243.0	255.0	NONE
7003	BASAL-NUCLEUS	207.0	63.0	79.0	255.0	NONE
7004	CENTROMEDIAL-NUCLEUS	121.0	20.0	135.0	255.0	NONE
7005	CENTRAL-NUCLEUS	197.0	60.0	248.0	255.0	NONE
7006	MEDIAL-NUCLEUS	2.0	149.0	2.0	255.0	NONE
7007	CORTICAL-NUCLEUS	221.0	249.0	166.0	255.0	NONE
7008	ACCESSORY-BASAL-NUCLEUS	232.0	146.0	35.0	255.0	NONE
7009	CORTICOAMYGDALOID-TRANSITIO	20.0	60.0	120.0	255.0	NONE
7010	ANTERIOR-AMYGDALOID-AREA-AAA	250.0	250.0	0.0	255.0	NONE
7011	FUSION-AMYGDALA-HP-FAH	122.0	187.0	222.0	255.0	GM
7012	HIPPOCAMPAL-AMYGDALA-TRANSITION-HATA	237.0	12.0	177.0	255.0	GM
7013	ENDOPIRIFORM-NUCLEUS	10.0	49.0	255.0	255.0	NONE
7014	LATERAL-NUCLEUS-OLFACTORY-TRACT	205.0	184.0	144.0	255.0	NONE
7015	PARALAMINAR-NUCLEUS	45.0	205.0	165.0	255.0	NONE
7016	INTERCALATED-NUCLEUS	117.0	160.0	175.0	255.0	NONE
7017	PREPIRIFORM-CORTEX	221.0	217.0	21.0	255.0	NONE
7018	PERIAMYGDALOID-CORTEX	20.0	60.0	120.0	255.0	NONE
7019	ENVELOPE-AMYGDALA	141.0	21.0	100.0	255.0	GM
7020	EXTRANUCLEAR-AMYDALA	225.0	140.0	141.0	255.0	NONE
7100	BRAINSTEM-INFERIOR-COLLICULUS	42.0	201.0	168.0	255.0	GM
7101	BRAINSTEM-COCHLEAR-NUCLEUS	168.0	104.0	162.0	255.0	NONE
8001	THALAMUS-ANTERIOR	74.0	130.0	181.0	255.0	GM
8002	THALAMUS-VENTRAL-ANTERIOR	242.0	241.0	240.0	255.0	GM
8003	THALAMUS-LATERAL-DORSAL	206.0	65.0	78.0	255.0	GM
8004	THALAMUS-LATERAL-POSTERIOR	120.0	21.0	133.0	255.0	GM
8005	THALAMUS-VENTRAL-LATERAL	195.0	61.0	246.0	255.0	GM
8006	THALAMUS-VENTRAL-POSTERIOR-MEDIAL	3.0	147.0	6.0	255.0	GM
8007	THALAMUS-VENTRAL-POSTERIOR-LATERAL	220.0	251.0	163.0	255.0	GM
8008	THALAMUS-INTRALAMINAR	232.0	146.0	33.0	255.0	GM
8009	THALAMUS-CENTROMEDIAN	4.0	114.0	14.0	255.0	GM
8010	THALAMUS-MEDIODORSAL	121.0	184.0	220.0	255.0	GM
8011	THALAMUS-MEDIAL	235.0	11.0	175.0	255.0	GM
8012	THALAMUS-PULVINAR	12.0	46.0	250.0	255.0	GM
8013	THALAMUS-LATERAL-GENICULATE	203.0	182.0	143.0	255.0	GM
8014	THALAMUS-MEDIAL-GENICULATE	42.0	204.0	167.0	255.0	GM
9000	CTX-LH-PREFRONTAL	30.0	5.0	30.0	255.0	NONE
9001	CTX-LH-PRIMARY-MOTOR	30.0	100.0	45.0	255.0	NONE
9002	CTX-LH-PREMOTOR	130.0	100.0	165.0	255.0	NONE
9003	CTX-LH-TEMPORAL	105.0	25.0	5.0	255.0	NONE
9004	CTX-LH-POSTERIOR-PARIETAL	125.0	70.0	55.0	255.0	NONE
9005	CTX-LH-PRIM-SEC-SOMATOSENSORY	225.0	20.0	105.0	255.0	NONE
9006	CTX-LH-OCCIPITAL	225.0	20.0	15.0	255.0	NONE
9500	CTX-RH-PREFRONTAL	30.0	55.0	30.0	255.0	NONE
9501	CTX-RH-PRIMARY-MOTOR	30.0	150.0	45.0	255.0	NONE
9502	CTX-RH-PREMOTOR	130.0	150.0	165.0	255.0	NONE
9503	CTX-RH-TEMPORAL	105.0	75.0	5.0	255.0	NONE
9504	CTX-RH-POSTERIOR-PARIETAL	125.0	120.0	55.0	255.0	NONE
9505	CTX-RH-PRIM-SEC-SOMATOSENSORY	225.0	70.0	105.0	255.0	NONE
9506	CTX-RH-OCCIPITAL	225.0	70.0	15.0	255.0	NONE
11100	CTX_LH_UNKNOWN	0.0	0.0	0.0	255.0	NONE
11101	CTX_LH_G_AND_S_FRONTOMARGIN	23.0	220.0	60.0	255.0	GM
11102	CTX_LH_G_AND_S_OCCIPITAL_INF	23.0	60.0	180.0	255.0	GM
11103	CTX_LH_G_AND_S_PARACENTRAL	63.0	100.0	60.0	255.0	GM
11104	CTX_LH_G_AND_S_SUBCENTRAL	63.0	20.0	220.0	255.0	GM
11105	CTX_LH_G_AND_S_TRANSV_FRONTOPOL	13.0	0.0	250.0	255.0	GM
11106	CTX_LH_G_AND_S_CINGUL-ANT	26.0	60.0	0.0	255.0	GM
11107	CTX_LH_G_AND_S_CINGUL-MID-ANT	26.0	60.0	75.0	255.0	GM
11108	CTX_LH_G_AND_S_CINGUL-MID-POST	26.0	60.0	150.0	255.0	GM
11109	CTX_LH_G_CINGUL-POST-DORSAL	25.0	60.0	250.0	255.0	GM
11110	CTX_LH_G_CINGUL-POST-VENTRAL	60.0	25.0	25.0	255.0	GM
11111	CTX_LH_G_CUNEUS	180.0	20.0	20.0	255.0	GM
11112	CTX_LH_G_FRONT_INF-OPERCULAR	220.0	20.0	100.0	255.0	GM
11113	CTX_LH_G_FRONT_INF-ORBITAL	140.0	60.0	60.0	255.0	NONE
11114	CTX_LH_G_FRONT_INF-TRIANGUL	180.0	220.0	140.0	255.0	GM
11115	CTX_LH_G_FRONT_MIDDLE	140.0	100.0	180.0	255.0	GM
11116	CTX_LH_G_FRONT_SUP	180.0	20.0	140.0	255.0	GM
11117	CTX_LH_G_INS_LG_AND_S_CENT_INS	23.0	10.0	10.0	255.0	GM
11118	CTX_LH_G_INSULAR_SHORT	225.0	140.0	140.0	255.0	GM
11119	CTX_LH_G_OCCIPITAL_MIDDLE	180.0	60.0	180.0	255.0	GM
11120	CTX_LH_G_OCCIPITAL_SUP	20.0	220.0	60.0	255.0	GM
11121	CTX_LH_G_OC-TEMP_LAT-FUSIFOR	60.0	20.0	140.0	255.0	GM
11122	CTX_LH_G_OC-TEMP_MED-LINGUAL	220.0	180.0	140.0	255.0	GM
11123	CTX_LH_G_OC-TEMP_MED-PARAHIP	65.0	100.0	20.0	255.0	GM
11124	CTX_LH_G_ORBITAL	220.0	60.0	20.0	255.0	NONE
11125	CTX_LH_G_PARIET_INF-ANGULAR	20.0	60.0	220.0	255.0	GM
11126	CTX_LH_G_PARIET_INF-SUPRAMAR	100.0	100.0	60.0	255.0	GM
11127	CTX_LH_G_PARIETAL_SUP	220.0	180.0	220.0	255.0	GM
11128	CTX_LH_G_POSTCENTRAL	20.0	180.0	140.0	255.0	GM
11129	CTX_LH_G_PRECENTRAL	60.0	140.0	180.0	255.0	GM
11130	CTX_LH_G_PRECUNEUS	25.0	20.0	140.0	255.0	GM
11131	CTX_LH_G_RECTUS	20.0	60.0	100.0	255.0	GM
11132	CTX_LH_G_SUBCALLOSAL	60.0	220.0	20.0	255.0	GM
11133	CTX_LH_G_TEMP_SUP-G_T_TRANSV	60.0	60.0	220.0	255.0	GM
11134	CTX_LH_G_TEMP_SUP-LATERAL	220.0	60.0	220.0	255.0	GM
11135	CTX_LH_G_TEMP_SUP-PLAN_POLAR	65.0	220.0	60.0	255.0	GM
11136	CTX_LH_G_TEMP_SUP-PLAN_TEMPO	25.0	140.0	20.0	255.0	GM
11137	CTX_LH_G_TEMPORAL_INF	220.0	220.0	100.0	255.0	GM
11138	CTX_LH_G_TEMPORAL_MIDDLE	180.0	60.0	60.0	255.0	GM
11139	CTX_LH_LAT_FIS-ANT-HORIZONT	61.0	20.0	220.0	255.0	GM
11140	CTX_LH_LAT_FIS-ANT-VERTICAL	61.0	20.0	60.0	255.0	GM
11141	CTX_LH_LAT_FIS-POST	61.0	60.0	100.0	255.0	GM
11142	CTX_LH_MEDIAL_WALL	25.0	25.0	25.0	255.0	NONE
11143	CTX_LH_POLE_OCCIPITAL	140.0	20.0	60.0	255.0	GM
11144	CTX_LH_POLE_TEMPORAL	220.0	180.0	20.0	255.0	GM
11145	CTX_LH_S_CALCARINE	63.0	180.0	180.0	255.0	GM
11146	CTX_LH_S_CENTRAL	221.0	20.0	10.0	255.0	GM
11147	CTX_LH_S_CINGUL-MARGINALIS	221.0	20.0	100.0	255.0	GM
11148	CTX_LH_S_CIRCULAR_INSULA_ANT	221.0	60.0	140.0	255.0	GM
11149	CTX_LH_S_CIRCULAR_INSULA_INF	221.0	20.0	220.0	255.0	GM
11150	CTX_LH_S_CIRCULAR_INSULA_SUP	61.0	220.0	220.0	255.0	GM
11151	CTX_LH_S_COLLAT_TRANSV_ANT	100.0	200.0	200.0	255.0	GM
11152	CTX_LH_S_COLLAT_TRANSV_POST	10.0	200.0	200.0	255.0	GM
11153	CTX_LH_S_FRONT_INF	221.0	220.0	20.0	255.0	GM
11154	CTX_LH_S_FRONT_MIDDLE	141.0	20.0	100.0	255.0	GM
11155	CTX_LH_S_FRONT_SUP	61.0	220.0	100.0	255.0	GM
11156	CTX_LH_S_INTERM_PRIM-JENSEN	141.0	60.0	20.0	255.0	GM
11157	CTX_LH_S_INTRAPARIET_AND_P_TRANS	143.0	20.0	220.0	255.0	GM
11158	CTX_LH_S_OC_MIDDLE_AND_LUNATUS	101.0	60.0	220.0	255.0	GM
11159	CTX_LH_S_OC_SUP_AND_TRANSVERSAL	21.0	20.0	140.0	255.0	GM
11160	CTX_LH_S_OCCIPITAL_ANT	61.0	20.0	180.0	255.0	GM
11161	CTX_LH_S_OC-TEMP_LAT	221.0	140.0	20.0	255.0	GM
11162	CTX_LH_S_OC-TEMP_MED_AND_LINGUAL	141.0	100.0	220.0	255.0	GM
11163	CTX_LH_S_ORBITAL_LATERAL	221.0	100.0	20.0	255.0	NONE
11164	CTX_LH_S_ORBITAL_MED-OLFACT	181.0	200.0	20.0	255.0	NONE
11165	CTX_LH_S_ORBITAL-H_SHAPED	101.0	20.0	20.0	255.0	NONE
11166	CTX_LH_S_PARIETO_OCCIPITAL	101.0	100.0	180.0	255.0	GM
11167	CTX_LH_S_PERICALLOSAL	181.0	220.0	20.0	255.0	GM
11168	CTX_LH_S_POSTCENTRAL	21.0	140.0	200.0	255.0	GM
11169	CTX_LH_S_PRECENTRAL-INF-PART	21.0	20.0	240.0	255.0	GM
11170	CTX_LH_S_PRECENTRAL-SUP-PART	21.0	20.0	200.0	255.0	GM
11171	CTX_LH_S_SUBORBITAL	21.0	20.0	60.0	255.0	NONE
11172	CTX_LH_S_SUBPARIETAL	101.0	60.0	60.0	255.0	GM
11173	CTX_LH_S_TEMPORAL_INF	21.0	180.0	180.0	255.0	GM
11174	CTX_LH_S_TEMPORAL_SUP	223.0	220.0	60.0	255.0	GM
11175	CTX_LH_S_TEMPORAL_TRANSVERSE	221.0	60.0	60.0	255.0	GM
12100	CTX_RH_UNKNOWN	0.0	0.0	0.0	255.0	NONE
12101	CTX_RH_G_AND_S_FRONTOMARGIN	23.0	220.0	60.0	255.0	GM
12102	CTX_RH_G_AND_S_OCCIPITAL_INF	23.0	60.0	180.0	255.0	GM
12103	CTX_RH_G_AND_S_PARACENTRAL	63.0	100.0	60.0	255.0	GM
12104	CTX_RH_G_AND_S_SUBCENTRAL	63.0	20.0	220.0	255.0	GM
12105	CTX_RH_G_AND_S_TRANSV_FRONTOPOL	13.0	0.0	250.0	255.0	GM
12106	CTX_RH_G_AND_S_CINGUL-ANT	26.0	60.0	0.0	255.0	GM
12107	CTX_RH_G_AND_S_CINGUL-MID-ANT	26.0	60.0	75.0	255.0	GM
12108	CTX_RH_G_AND_S_CINGUL-MID-POST	26.0	60.0	150.0	255.0	GM
12109	CTX_RH_G_CINGUL-POST-DORSAL	25.0	60.0	250.0	255.0	GM
12110	CTX_RH_G_CINGUL-POST-VENTRAL	60.0	25.0	25.0	255.0	GM
12111	CTX_RH_G_CUNEUS	180.0	20.0	20.0	255.0	GM
12112	CTX_RH_G_FRONT_INF-OPERCULAR	220.0	20.0	100.0	255.0	GM
12113	CTX_RH_G_FRONT_INF-ORBITAL	140.0	60.0	60.0	255.0	NONE
12114	CTX_RH_G_FRONT_INF-TRIANGUL	180.0	220.0	140.0	255.0	GM
12115	CTX_RH_G_FRONT_MIDDLE	140.0	100.0	180.0	255.0	GM
12116	CTX_RH_G_FRONT_SUP	180.0	20.0	140.0	255.0	GM
12117	CTX_RH_G_INS_LG_AND_S_CENT_INS	23.0	10.0	10.0	255.0	GM
12118	CTX_RH_G_INSULAR_SHORT	225.0	140.0	140.0	255.0	GM
12119	CTX_RH_G_OCCIPITAL_MIDDLE	180.0	60.0	180.0	255.0	GM
12120	CTX_RH_G_OCCIPITAL_SUP	20.0	220.0	60.0	255.0	GM
12121	CTX_RH_G_OC-TEMP_LAT-FUSIFOR	60.0	20.0	140.0	255.0	GM
12122	CTX_RH_G_OC-TEMP_MED-LINGUAL	220.0	180.0	140.0	255.0	GM
12123	CTX_RH_G_OC-TEMP_MED-PARAHIP	65.0	100.0	20.0	255.0	GM
12124	CTX_RH_G_ORBITAL	220.0	60.0	20.0	255.0	NONE
12125	CTX_RH_G_PARIET_INF-ANGULAR	20.0	60.0	220.0	255.0	GM
12126	CTX_RH_G_PARIET_INF-SUPRAMAR	100.0	100.0	60.0	255.0	GM
12127	CTX_RH_G_PARIETAL_SUP	220.0	180.0	220.0	255.0	GM
12128	CTX_RH_G_POSTCENTRAL	20.0	180.0	140.0	255.0	GM
12129	CTX_RH_G_PRECENTRAL	60.0	140.0	180.0	255.0	GM
12130	CTX_RH_G_PRECUNEUS	25.0	20.0	140.0	255.0	GM
12131	CTX_RH_G_RECTUS	20.0	60.0	100.0	255.0	GM
12132	CTX_RH_G_SUBCALLOSAL	60.0	220.0	20.0	255.0	GM
12133	CTX_RH_G_TEMP_SUP-G_T_TRANSV	60.0	60.0	220.0	255.0	GM
12134	CTX_RH_G_TEMP_SUP-LATERAL	220.0	60.0	220.0	255.0	GM
12135	CTX_RH_G_TEMP_SUP-PLAN_POLAR	65.0	220.0	60.0	255.0	GM
12136	CTX_RH_G_TEMP_SUP-PLAN_TEMPO	25.0	140.0	20.0	255.0	GM
12137	CTX_RH_G_TEMPORAL_INF	220.0	220.0	100.0	255.0	GM
12138	CTX_RH_G_TEMPORAL_MIDDLE	180.0	60.0	60.0	255.0	GM
12139	CTX_RH_LAT_FIS-ANT-HORIZONT	61.0	20.0	220.0	255.0	GM
12140	CTX_RH_LAT_FIS-ANT-VERTICAL	61.0	20.0	60.0	255.0	GM
12141	CTX_RH_LAT_FIS-POST	61.0	60.0	100.0	255.0	GM
12142	CTX_RH_MEDIAL_WALL	25.0	25.0	25.0	255.0	NONE
12143	CTX_RH_POLE_OCCIPITAL	140.0	20.0	60.0	255.0	GM
12144	CTX_RH_POLE_TEMPORAL	220.0	180.0	20.0	255.0	GM
12145	CTX_RH_S_CALCARINE	63.0	180.0	180.0	255.0	GM
12146	CTX_RH_S_CENTRAL	221.0	20.0	10.0	255.0	GM
12147	CTX_RH_S_CINGUL-MARGINALIS	221.0	20.0	100.0	255.0	GM
12148	CTX_RH_S_CIRCULAR_INSULA_ANT	221.0	60.0	140.0	255.0	GM
12149	CTX_RH_S_CIRCULAR_INSULA_INF	221.0	20.0	220.0	255.0	GM
12150	CTX_RH_S_CIRCULAR_INSULA_SUP	61.0	220.0	220.0	255.0	GM
12151	CTX_RH_S_COLLAT_TRANSV_ANT	100.0	200.0	200.0	255.0	GM
12152	CTX_RH_S_COLLAT_TRANSV_POST	10.0	200.0	200.0	255.0	GM
12153	CTX_RH_S_FRONT_INF	221.0	220.0	20.0	255.0	GM
12154	CTX_RH_S_FRONT_MIDDLE	141.0	20.0	100.0	255.0	GM
12155	CTX_RH_S_FRONT_SUP	61.0	220.0	100.0	255.0	GM
12156	CTX_RH_S_INTERM_PRIM-JENSEN	141.0	60.0	20.0	255.0	GM
12157	CTX_RH_S_INTRAPARIET_AND_P_TRANS	143.0	20.0	220.0	255.0	GM
12158	CTX_RH_S_OC_MIDDLE_AND_LUNATUS	101.0	60.0	220.0	255.0	GM
12159	CTX_RH_S_OC_SUP_AND_TRANSVERSAL	21.0	20.0	140.0	255.0	GM
12160	CTX_RH_S_OCCIPITAL_ANT	61.0	20.0	180.0	255.0	GM
12161	CTX_RH_S_OC-TEMP_LAT	221.0	140.0	20.0	255.0	GM
12162	CTX_RH_S_OC-TEMP_MED_AND_LINGUAL	141.0	100.0	220.0	255.0	GM
12163	CTX_RH_S_ORBITAL_LATERAL	221.0	100.0	20.0	255.0	NONE
12164	CTX_RH_S_ORBITAL_MED-OLFACT	181.0	200.0	20.0	255.0	NONE
12165	CTX_RH_S_ORBITAL-H_SHAPED	101.0	20.0	20.0	255.0	NONE
12166	CTX_RH_S_PARIETO_OCCIPITAL	101.0	100.0	180.0	255.0	GM
12167	CTX_RH_S_PERICALLOSAL	181.0	220.0	20.0	255.0	GM
12168	CTX_RH_S_POSTCENTRAL	21.0	140.0	200.0	255.0	GM
12169	CTX_RH_S_PRECENTRAL-INF-PART	21.0	20.0	240.0	255.0	GM
12170	CTX_RH_S_PRECENTRAL-SUP-PART	21.0	20.0	200.0	255.0	GM
12171	CTX_RH_S_SUBORBITAL	21.0	20.0	60.0	255.0	NONE
12172	CTX_RH_S_SUBPARIETAL	101.0	60.0	60.0	255.0	GM
12173	CTX_RH_S_TEMPORAL_INF	21.0	180.0	180.0	255.0	GM
12174	CTX_RH_S_TEMPORAL_SUP	223.0	220.0	60.0	255.0	GM
12175	CTX_RH_S_TEMPORAL_TRANSVERSE	221.0	60.0	60.0	255.0	GM
13100	WM_LH_UNKNOWN	0.0	0.0	0.0	255.0	NONE
13101	WM_LH_G_AND_S_FRONTOMARGIN	23.0	220.0	60.0	255.0	WM
13102	WM_LH_G_AND_S_OCCIPITAL_INF	23.0	60.0	180.0	255.0	WM
13103	WM_LH_G_AND_S_PARACENTRAL	63.0	100.0	60.0	255.0	WM
13104	WM_LH_G_AND_S_SUBCENTRAL	63.0	20.0	220.0	255.0	WM
13105	WM_LH_G_AND_S_TRANSV_FRONTOPOL	13.0	0.0	250.0	255.0	WM
13106	WM_LH_G_AND_S_CINGUL-ANT	26.0	60.0	0.0	255.0	WM
13107	WM_LH_G_AND_S_CINGUL-MID-ANT	26.0	60.0	75.0	255.0	WM
13108	WM_LH_G_AND_S_CINGUL-MID-POST	26.0	60.0	150.0	255.0	WM
13109	WM_LH_G_CINGUL-POST-DORSAL	25.0	60.0	250.0	255.0	WM
13110	WM_LH_G_CINGUL-POST-VENTRAL	60.0	25.0	25.0	255.0	WM
13111	WM_LH_G_CUNEUS	180.0	20.0	20.0	255.0	WM
13112	WM_LH_G_FRONT_INF-OPERCULAR	220.0	20.0	100.0	255.0	WM
13113	WM_LH_G_FRONT_INF-ORBITAL	140.0	60.0	60.0	255.0	NONE
13114	WM_LH_G_FRONT_INF-TRIANGUL	180.0	220.0	140.0	255.0	WM
13115	WM_LH_G_FRONT_MIDDLE	140.0	100.0	180.0	255.0	WM
13116	WM_LH_G_FRONT_SUP	180.0	20.0	140.0	255.0	WM
13117	WM_LH_G_INS_LG_AND_S_CENT_INS	23.0	10.0	10.0	255.0	WM
13118	WM_LH_G_INSULAR_SHORT	225.0	140.0	140.0	255.0	WM
13119	WM_LH_G_OCCIPITAL_MIDDLE	180.0	60.0	180.0	255.0	WM
13120	WM_LH_G_OCCIPITAL_SUP	20.0	220.0	60.0	255.0	WM
13121	WM_LH_G_OC-TEMP_LAT-FUSIFOR	60.0	20.0	140.0	255.0	WM
13122	WM_LH_G_OC-TEMP_MED-LINGUAL	220.0	180.0	140.0	255.0	WM
13123	WM_LH_G_OC-TEMP_MED-PARAHIP	65.0	100.0	20.0	255.0	WM
13124	WM_LH_G_ORBITAL	220.0	60.0	20.0	255.0	NONE
13125	WM_LH_G_PARIET_INF-ANGULAR	20.0	60.0	220.0	255.0	WM
13126	WM_LH_G_PARIET_INF-SUPRAMAR	100.0	100.0	60.0	255.0	WM
13127	WM_LH_G_PARIETAL_SUP	220.0	180.0	220.0	255.0	WM
13128	WM_LH_G_POSTCENTRAL	20.0	180.0	140.0	255.0	WM
13129	WM_LH_G_PRECENTRAL	60.0	140.0	180.0	255.0	WM
13130	WM_LH_G_PRECUNEUS	25.0	20.0	140.0	255.0	WM
13131	WM_LH_G_RECTUS	20.0	60.0	100.0	255.0	WM
13132	WM_LH_G_SUBCALLOSAL	60.0	220.0	20.0	255.0	WM
13133	WM_LH_G_TEMP_SUP-G_T_TRANSV	60.0	60.0	220.0	255.0	WM
13134	WM_LH_G_TEMP_SUP-LATERAL	220.0	60.0	220.0	255.0	WM
13135	WM_LH_G_TEMP_SUP-PLAN_POLAR	65.0	220.0	60.0	255.0	WM
13136	WM_LH_G_TEMP_SUP-PLAN_TEMPO	25.0	140.0	20.0	255.0	WM
13137	WM_LH_G_TEMPORAL_INF	220.0	220.0	100.0	255.0	WM
13138	WM_LH_G_TEMPORAL_MIDDLE	180.0	60.0	60.0	255.0	WM
13139	WM_LH_LAT_FIS-ANT-HORIZONT	61.0	20.0	220.0	255.0	WM
13140	WM_LH_LAT_FIS-ANT-VERTICAL	61.0	20.0	60.0	255.0	WM
13141	WM_LH_LAT_FIS-POST	61.0	60.0	100.0	255.0	WM
13142	WM_LH_MEDIAL_WALL	25.0	25.0	25.0	255.0	NONE
13143	WM_LH_POLE_OCCIPITAL	140.0	20.0	60.0	255.0	WM
13144	WM_LH_POLE_TEMPORAL	220.0	180.0	20.0	255.0	WM
13145	WM_LH_S_CALCARINE	63.0	180.0	180.0	255.0	WM
13146	WM_LH_S_CENTRAL	221.0	20.0	10.0	255.0	WM
13147	WM_LH_S_CINGUL-MARGINALIS	221.0	20.0	100.0	255.0	WM
13148	WM_LH_S_CIRCULAR_INSULA_ANT	221.0	60.0	140.0	255.0	WM
13149	WM_LH_S_CIRCULAR_INSULA_INF	221.0	20.0	220.0	255.0	WM
13150	WM_LH_S_CIRCULAR_INSULA_SUP	61.0	220.0	220.0	255.0	WM
13151	WM_LH_S_COLLAT_TRANSV_ANT	100.0	200.0	200.0	255.0	WM
13152	WM_LH_S_COLLAT_TRANSV_POST	10.0	200.0	200.0	255.0	WM
13153	WM_LH_S_FRONT_INF	221.0	220.0	20.0	255.0	WM
13154	WM_LH_S_FRONT_MIDDLE	141.0	20.0	100.0	255.0	WM
13155	WM_LH_S_FRONT_SUP	61.0	220.0	100.0	255.0	WM
13156	WM_LH_S_INTERM_PRIM-JENSEN	141.0	60.0	20.0	255.0	WM
13157	WM_LH_S_INTRAPARIET_AND_P_TRANS	143.0	20.0	220.0	255.0	WM
13158	WM_LH_S_OC_MIDDLE_AND_LUNATUS	101.0	60.0	220.0	255.0	WM
13159	WM_LH_S_OC_SUP_AND_TRANSVERSAL	21.0	20.0	140.0	255.0	WM
13160	WM_LH_S_OCCIPITAL_ANT	61.0	20.0	180.0	255.0	WM
13161	WM_LH_S_OC-TEMP_LAT	221.0	140.0	20.0	255.0	WM
13162	WM_LH_S_OC-TEMP_MED_AND_LINGUAL	141.0	100.0	220.0	255.0	WM
13163	WM_LH_S_ORBITAL_LATERAL	221.0	100.0	20.0	255.0	NONE
13164	WM_LH_S_ORBITAL_MED-OLFACT	181.0	200.0	20.0	255.0	NONE
13165	WM_LH_S_ORBITAL-H_SHAPED	101.0	20.0	20.0	255.0	NONE
13166	WM_LH_S_PARIETO_OCCIPITAL	101.0	100.0	180.0	255.0	WM
13167	WM_LH_S_PERICALLOSAL	181.0	220.0	20.0	255.0	WM
13168	WM_LH_S_POSTCENTRAL	21.0	140.0	200.0	255.0	WM
13169	WM_LH_S_PRECENTRAL-INF-PART	21.0	20.0	240.0	255.0	WM
13170	WM_LH_S_PRECENTRAL-SUP-PART	21.0	20.0	200.0	255.0	WM
13171	WM_LH_S_SUBORBITAL	21.0	20.0	60.0	255.0	NONE
13172	WM_LH_S_SUBPARIETAL	101.0	60.0	60.0	255.0	WM
13173	WM_LH_S_TEMPORAL_INF	21.0	180.0	180.0	255.0	WM
13174	WM_LH_S_TEMPORAL_SUP	223.0	220.0	60.0	255.0	WM
13175	WM_LH_S_TEMPORAL_TRANSVERSE	221.0	60.0	60.0	255.0	WM
14100	WM_RH_UNKNOWN	0.0	0.0	0.0	255.0	NONE
14101	WM_RH_G_AND_S_FRONTOMARGIN	23.0	220.0	60.0	255.0	WM
14102	WM_RH_G_AND_S_OCCIPITAL_INF	23.0	60.0	180.0	255.0	WM
14103	WM_RH_G_AND_S_PARACENTRAL	63.0	100.0	60.0	255.0	WM
14104	WM_RH_G_AND_S_SUBCENTRAL	63.0	20.0	220.0	255.0	WM
14105	WM_RH_G_AND_S_TRANSV_FRONTOPOL	13.0	0.0	250.0	255.0	WM
14106	WM_RH_G_AND_S_CINGUL-ANT	26.0	60.0	0.0	255.0	WM
14107	WM_RH_G_AND_S_CINGUL-MID-ANT	26.0	60.0	75.0	255.0	WM
14108	WM_RH_G_AND_S_CINGUL-MID-POST	26.0	60.0	150.0	255.0	WM
14109	WM_RH_G_CINGUL-POST-DORSAL	25.0	60.0	250.0	255.0	WM
14110	WM_RH_G_CINGUL-POST-VENTRAL	60.0	25.0	25.0	255.0	WM
14111	WM_RH_G_CUNEUS	180.0	20.0	20.0	255.0	WM
14112	WM_RH_G_FRONT_INF-OPERCULAR	220.0	20.0	100.0	255.0	WM
14113	WM_RH_G_FRONT_INF-ORBITAL	140.0	60.0	60.0	255.0	NONE
14114	WM_RH_G_FRONT_INF-TRIANGUL	180.0	220.0	140.0	255.0	WM
14115	WM_RH_G_FRONT_MIDDLE	140.0	100.0	180.0	255.0	WM
14116	WM_RH_G_FRONT_SUP	180.0	20.0	140.0	255.0	WM
14117	WM_RH_G_INS_LG_AND_S_CENT_INS	23.0	10.0	10.0	255.0	WM
14118	WM_RH_G_INSULAR_SHORT	225.0	140.0	140.0	255.0	WM
14119	WM_RH_G_OCCIPITAL_MIDDLE	180.0	60.0	180.0	255.0	WM
14120	WM_RH_G_OCCIPITAL_SUP	20.0	220.0	60.0	255.0	WM
14121	WM_RH_G_OC-TEMP_LAT-FUSIFOR	60.0	20.0	140.0	255.0	WM
14122	WM_RH_G_OC-TEMP_MED-LINGUAL	220.0	180.0	140.0	255.0	WM
14123	WM_RH_G_OC-TEMP_MED-PARAHIP	65.0	100.0	20.0	255.0	WM
14124	WM_RH_G_ORBITAL	220.0	60.0	20.0	255.0	NONE
14125	WM_RH_G_PARIET_INF-ANGULAR	20.0	60.0	220.0	255.0	WM
14126	WM_RH_G_PARIET_INF-SUPRAMAR	100.0	100.0	60.0	255.0	WM
14127	WM_RH_G_PARIETAL_SUP	220.0	180.0	220.0	255.0	WM
14128	WM_RH_G_POSTCENTRAL	20.0	180.0	140.0	255.0	WM
14129	WM_RH_G_PRECENTRAL	60.0	140.0	180.0	255.0	WM
14130	WM_RH_G_PRECUNEUS	25.0	20.0	140.0	255.0	WM
14131	WM_RH_G_RECTUS	20.0	60.0	100.0	255.0	WM
14132	WM_RH_G_SUBCALLOSAL	60.0	220.0	20.0	255.0	WM
14133	WM_RH_G_TEMP_SUP-G_T_TRANSV	60.0	60.0	220.0	255.0	WM
14134	WM_RH_G_TEMP_SUP-LATERAL	220.0	60.0	220.0	255.0	WM
14135	WM_RH_G_TEMP_SUP-PLAN_POLAR	65.0	220.0	60.0	255.0	WM
14136	WM_RH_G_TEMP_SUP-PLAN_TEMPO	25.0	140.0	20.0	255.0	WM
14137	WM_RH_G_TEMPORAL_INF	220.0	220.0	100.0	255.0	WM
14138	WM_RH_G_TEMPORAL_MIDDLE	180.0	60.0	60.0	255.0	WM
14139	WM_RH_LAT_FIS-ANT-HORIZONT	61.0	20.0	220.0	255.0	WM
14140	WM_RH_LAT_FIS-ANT-VERTICAL	61.0	20.0	60.0	255.0	WM
14141	WM_RH_LAT_FIS-POST	61.0	60.0	100.0	255.0	WM
14142	WM_RH_MEDIAL_WALL	25.0	25.0	25.0	255.0	NONE
14143	WM_RH_POLE_OCCIPITAL	140.0	20.0	60.0	255.0	WM
14144	WM_RH_POLE_TEMPORAL	220.0	180.0	20.0	255.0	WM
14145	WM_RH_S_CALCARINE	63.0	180.0	180.0	255.0	WM
14146	WM_RH_S_CENTRAL	221.0	20.0	10.0	255.0	WM
14147	WM_RH_S_CINGUL-MARGINALIS	221.0	20.0	100.0	255.0	WM
14148	WM_RH_S_CIRCULAR_INSULA_ANT	221.0	60.0	140.0	255.0	WM
14149	WM_RH_S_CIRCULAR_INSULA_INF	221.0	20.0	220.0	255.0	WM
14150	WM_RH_S_CIRCULAR_INSULA_SUP	61.0	220.0	220.0	255.0	WM
14151	WM_RH_S_COLLAT_TRANSV_ANT	100.0	200.0	200.0	255.0	WM
14152	WM_RH_S_COLLAT_TRANSV_POST	10.0	200.0	200.0	255.0	WM
14153	WM_RH_S_FRONT_INF	221.0	220.0	20.0	255.0	WM
14154	WM_RH_S_FRONT_MIDDLE	141.0	20.0	100.0	255.0	WM
14155	WM_RH_S_FRONT_SUP	61.0	220.0	100.0	255.0	WM
14156	WM_RH_S_INTERM_PRIM-JENSEN	141.0	60.0	20.0	255.0	WM
14157	WM_RH_S_INTRAPARIET_AND_P_TRANS	143.0	20.0	220.0	255.0	WM
14158	WM_RH_S_OC_MIDDLE_AND_LUNATUS	101.0	60.0	220.0	255.0	WM
14159	WM_RH_S_OC_SUP_AND_TRANSVERSAL	21.0	20.0	140.0	255.0	WM
14160	WM_RH_S_OCCIPITAL_ANT	61.0	20.0	180.0	255.0	WM
14161	WM_RH_S_OC-TEMP_LAT	221.0	140.0	20.0	255.0	WM
14162	WM_RH_S_OC-TEMP_MED_AND_LINGUAL	141.0	100.0	220.0	255.0	WM
14163	WM_RH_S_ORBITAL_LATERAL	221.0	100.0	20.0	255.0	NONE
14164	WM_RH_S_ORBITAL_MED-OLFACT	181.0	200.0	20.0	255.0	NONE
14165	WM_RH_S_ORBITAL-H_SHAPED	101.0	20.0	20.0	255.0	NONE
14166	WM_RH_S_PARIETO_OCCIPITAL	101.0	100.0	180.0	255.0	WM
14167	WM_RH_S_PERICALLOSAL	181.0	220.0	20.0	255.0	WM
14168	WM_RH_S_POSTCENTRAL	21.0	140.0	200.0	255.0	WM
14169	WM_RH_S_PRECENTRAL-INF-PART	21.0	20.0	240.0	255.0	WM
14170	WM_RH_S_PRECENTRAL-SUP-PART	21.0	20.0	200.0	255.0	WM
14171	WM_RH_S_SUBORBITAL	21.0	20.0	60.0	255.0	NONE
14172	WM_RH_S_SUBPARIETAL	101.0	60.0	60.0	255.0	WM
14173	WM_RH_S_TEMPORAL_INF	21.0	180.0	180.0	255.0	WM
14174	WM_RH_S_TEMPORAL_SUP	223.0	220.0	60.0	255.0	WM
14175	WM_RH_S_TEMPORAL_TRANSVERSE	221.0	60.0	60.0	255.0	WM
